#ifndef MATRICES_H_INCLUDED
#define MATRICES_H_INCLUDED

const uint8_t pieza_I[DIMENSION_PIEZA][DIMENSION_PIEZA] = {
    {INDICE_TRANSP, INDICE_CIAN, INDICE_TRANSP, INDICE_TRANSP},
    {INDICE_TRANSP, INDICE_CIAN, INDICE_TRANSP, INDICE_TRANSP},
    {INDICE_TRANSP, INDICE_CIAN, INDICE_TRANSP, INDICE_TRANSP},
    {INDICE_TRANSP, INDICE_CIAN, INDICE_TRANSP, INDICE_TRANSP}
};

const uint8_t pieza_O[DIMENSION_PIEZA][DIMENSION_PIEZA] = {
    {INDICE_TRANSP, INDICE_AMARILLO, INDICE_AMARILLO, INDICE_TRANSP},
    {INDICE_TRANSP, INDICE_AMARILLO, INDICE_AMARILLO, INDICE_TRANSP},
    {INDICE_TRANSP, INDICE_TRANSP,   INDICE_TRANSP,   INDICE_TRANSP},
    {INDICE_TRANSP, INDICE_TRANSP,   INDICE_TRANSP,   INDICE_TRANSP}
};

const uint8_t pieza_T[DIMENSION_PIEZA][DIMENSION_PIEZA] = {
    {INDICE_TRANSP, INDICE_MAGENTA, INDICE_TRANSP,  INDICE_TRANSP},
    {INDICE_MAGENTA,INDICE_MAGENTA, INDICE_MAGENTA, INDICE_TRANSP},
    {INDICE_TRANSP, INDICE_TRANSP,  INDICE_TRANSP,  INDICE_TRANSP},
    {INDICE_TRANSP, INDICE_TRANSP,  INDICE_TRANSP,  INDICE_TRANSP}
};

const uint8_t pieza_S[DIMENSION_PIEZA][DIMENSION_PIEZA] = {
    {INDICE_TRANSP, INDICE_VERDE_C, INDICE_VERDE_C, INDICE_TRANSP},
    {INDICE_VERDE_C,INDICE_VERDE_C, INDICE_TRANSP,  INDICE_TRANSP},
    {INDICE_TRANSP, INDICE_TRANSP,  INDICE_TRANSP,  INDICE_TRANSP},
    {INDICE_TRANSP, INDICE_TRANSP,  INDICE_TRANSP,  INDICE_TRANSP}
};

const uint8_t pieza_Z[DIMENSION_PIEZA][DIMENSION_PIEZA] = {
    {INDICE_ROJO_C, INDICE_ROJO_C, INDICE_TRANSP, INDICE_TRANSP},
    {INDICE_TRANSP, INDICE_ROJO_C, INDICE_ROJO_C, INDICE_TRANSP},
    {INDICE_TRANSP, INDICE_TRANSP, INDICE_TRANSP, INDICE_TRANSP},
    {INDICE_TRANSP, INDICE_TRANSP, INDICE_TRANSP, INDICE_TRANSP}
};

const uint8_t pieza_J[DIMENSION_PIEZA][DIMENSION_PIEZA] = {
    {INDICE_AZUL_C, INDICE_TRANSP, INDICE_TRANSP, INDICE_TRANSP},
    {INDICE_AZUL_C, INDICE_AZUL_C, INDICE_AZUL_C, INDICE_TRANSP},
    {INDICE_TRANSP, INDICE_TRANSP, INDICE_TRANSP, INDICE_TRANSP},
    {INDICE_TRANSP, INDICE_TRANSP, INDICE_TRANSP, INDICE_TRANSP}
};

const uint8_t pieza_L[DIMENSION_PIEZA][DIMENSION_PIEZA] = {
    {INDICE_TRANSP, INDICE_TRANSP, INDICE_NARANJA, INDICE_TRANSP},
    {INDICE_NARANJA,INDICE_NARANJA,INDICE_NARANJA, INDICE_TRANSP},
    {INDICE_TRANSP, INDICE_TRANSP, INDICE_TRANSP,  INDICE_TRANSP},
    {INDICE_TRANSP, INDICE_TRANSP, INDICE_TRANSP,  INDICE_TRANSP}
};
/*
const uint8_t textura_molde[TAM_BLOQUE][TAM_BLOQUE] =
{
    {INDICE_GRIS_CL, INDICE_GRIS_CL, INDICE_GRIS_CL, INDICE_GRIS_CL, INDICE_GRIS_CL, INDICE_GRIS_CL, INDICE_GRIS_CL,  INDICE_NEGRO},
    {INDICE_GRIS_CL, INDICE_RELLENO,    INDICE_RELLENO,    INDICE_RELLENO,    INDICE_RELLENO,    INDICE_RELLENO,    INDICE_GRIS_OS, INDICE_NEGRO},
    {INDICE_GRIS_CL, INDICE_RELLENO,    INDICE_RELLENO,    INDICE_RELLENO,    INDICE_RELLENO,    INDICE_RELLENO,    INDICE_GRIS_OS, INDICE_NEGRO},
    {INDICE_GRIS_CL, INDICE_RELLENO,    INDICE_RELLENO,    INDICE_RELLENO,    INDICE_RELLENO,    INDICE_RELLENO,    INDICE_GRIS_OS, INDICE_NEGRO},
    {INDICE_GRIS_CL, INDICE_RELLENO,    INDICE_RELLENO,    INDICE_RELLENO,    INDICE_RELLENO,    INDICE_RELLENO,    INDICE_GRIS_OS, INDICE_NEGRO},
    {INDICE_GRIS_CL, INDICE_RELLENO,    INDICE_RELLENO,    INDICE_RELLENO,    INDICE_RELLENO,    INDICE_RELLENO,    INDICE_GRIS_OS, INDICE_NEGRO},
    {INDICE_GRIS_CL, INDICE_GRIS_OS,INDICE_GRIS_OS,INDICE_GRIS_OS,INDICE_GRIS_OS,INDICE_GRIS_OS,INDICE_GRIS_OS, INDICE_NEGRO},
    {INDICE_NEGRO,      INDICE_NEGRO,      INDICE_NEGRO,      INDICE_NEGRO,      INDICE_NEGRO,      INDICE_NEGRO,      INDICE_NEGRO,       INDICE_NEGRO}
};

*/
/*
const uint8_t textura_molde[TAM_BLOQUE][TAM_BLOQUE] =
{
    {INDICE_TRANSP,  INDICE_TRANSP,  INDICE_RELLENO, INDICE_NEGRO,   INDICE_RELLENO, INDICE_RELLENO, INDICE_TRANSP,  INDICE_TRANSP},
    {INDICE_TRANSP,  INDICE_NEGRO,   INDICE_RELLENO, INDICE_RELLENO, INDICE_NEGRO,   INDICE_RELLENO, INDICE_NEGRO,   INDICE_TRANSP},
    {INDICE_RELLENO, INDICE_RELLENO, INDICE_NEGRO,   INDICE_RELLENO, INDICE_NEGRO,   INDICE_RELLENO, INDICE_RELLENO, INDICE_NEGRO},
    {INDICE_NEGRO,   INDICE_NEGRO,   INDICE_NEGRO,   INDICE_NEGRO,   INDICE_NEGRO,   INDICE_NEGRO,   INDICE_NEGRO,   INDICE_NEGRO},
    {INDICE_RELLENO, INDICE_RELLENO, INDICE_NEGRO,   INDICE_RELLENO, INDICE_NEGRO,   INDICE_RELLENO, INDICE_RELLENO, INDICE_NEGRO},
    {INDICE_TRANSP,  INDICE_NEGRO,   INDICE_RELLENO, INDICE_RELLENO, INDICE_NEGRO,   INDICE_RELLENO, INDICE_NEGRO,   INDICE_TRANSP},
    {INDICE_TRANSP,  INDICE_TRANSP,  INDICE_RELLENO, INDICE_NEGRO,   INDICE_RELLENO, INDICE_RELLENO, INDICE_TRANSP,  INDICE_TRANSP},
    {INDICE_TRANSP,  INDICE_TRANSP,  INDICE_TRANSP,  INDICE_TRANSP,  INDICE_TRANSP,  INDICE_TRANSP,  INDICE_TRANSP,  INDICE_TRANSP}
};
*/

const uint8_t textura_molde[TAM_BLOQUE][TAM_BLOQUE] =
{
    {INDICE_TRANSP,  INDICE_RELLENO, INDICE_RELLENO, INDICE_RELLENO, INDICE_RELLENO, INDICE_RELLENO, INDICE_TRANSP,  INDICE_TRANSP},
    {INDICE_RELLENO, INDICE_NEGRO,   INDICE_RELLENO, INDICE_RELLENO, INDICE_RELLENO, INDICE_RELLENO, INDICE_NEGRO,   INDICE_TRANSP},
    {INDICE_RELLENO, INDICE_RELLENO, INDICE_NEGRO,   INDICE_RELLENO, INDICE_RELLENO, INDICE_NEGRO,   INDICE_RELLENO, INDICE_TRANSP},
    {INDICE_NEGRO,   INDICE_NEGRO,   INDICE_NEGRO,   INDICE_NEGRO,   INDICE_NEGRO,   INDICE_NEGRO,   INDICE_NEGRO,   INDICE_TRANSP},
    {INDICE_RELLENO, INDICE_RELLENO, INDICE_NEGRO,   INDICE_RELLENO, INDICE_RELLENO, INDICE_NEGRO,   INDICE_RELLENO, INDICE_TRANSP},
    {INDICE_RELLENO, INDICE_NEGRO,   INDICE_RELLENO, INDICE_RELLENO, INDICE_RELLENO, INDICE_RELLENO, INDICE_NEGRO,   INDICE_TRANSP},
    {INDICE_TRANSP,  INDICE_RELLENO, INDICE_RELLENO, INDICE_RELLENO, INDICE_RELLENO, INDICE_RELLENO, INDICE_TRANSP,  INDICE_TRANSP},
    {INDICE_TRANSP,  INDICE_TRANSP,  INDICE_TRANSP,  INDICE_TRANSP,  INDICE_TRANSP,  INDICE_TRANSP,  INDICE_TRANSP,  INDICE_TRANSP}
};

const uint8_t textura_retro[TAM_BLOQUE][TAM_BLOQUE] =
{
    {INDICE_GRIS_CL, INDICE_GRIS_CL, INDICE_GRIS_CL, INDICE_GRIS_CL, INDICE_GRIS_CL, INDICE_GRIS_CL, INDICE_GRIS_CL, INDICE_GRIS_CL},
    {INDICE_GRIS_CL, INDICE_RELLENO, INDICE_RELLENO, INDICE_RELLENO, INDICE_RELLENO, INDICE_RELLENO, INDICE_RELLENO, INDICE_GRIS_OS},
    {INDICE_GRIS_CL, INDICE_RELLENO, INDICE_RELLENO, INDICE_RELLENO, INDICE_RELLENO, INDICE_RELLENO, INDICE_RELLENO, INDICE_GRIS_OS},
    {INDICE_GRIS_CL, INDICE_RELLENO, INDICE_RELLENO, INDICE_RELLENO, INDICE_RELLENO, INDICE_RELLENO, INDICE_RELLENO, INDICE_GRIS_OS},
    {INDICE_GRIS_CL, INDICE_RELLENO, INDICE_RELLENO, INDICE_RELLENO, INDICE_RELLENO, INDICE_RELLENO, INDICE_RELLENO, INDICE_GRIS_OS},
    {INDICE_GRIS_CL, INDICE_RELLENO, INDICE_RELLENO, INDICE_RELLENO, INDICE_RELLENO, INDICE_RELLENO, INDICE_RELLENO, INDICE_GRIS_OS},
    {INDICE_GRIS_CL, INDICE_GRIS_OS, INDICE_GRIS_OS, INDICE_GRIS_OS, INDICE_GRIS_OS, INDICE_GRIS_OS, INDICE_GRIS_OS, INDICE_GRIS_OS},
    {INDICE_GRIS_OS, INDICE_GRIS_OS, INDICE_GRIS_OS, INDICE_GRIS_OS, INDICE_GRIS_OS, INDICE_GRIS_OS, INDICE_GRIS_OS, INDICE_GRIS_OS}
};

const uint8_t fuente_numeros[10][8] = {
    { // 0
        0b00111100,
        0b01100110,
        0b01101110,
        0b01110110,
        0b01110110,
        0b01100110,
        0b00111100,
        0b00000000
    },
    { // 1
        0b00011000,
        0b00111000,
        0b00011000,
        0b00011000,
        0b00011000,
        0b00011000,
        0b00111100,
        0b00000000
    },
    { // 2
        0b00111100,
        0b01100110,
        0b00000110,
        0b00001100,
        0b00110000,
        0b01100000,
        0b01111110,
        0b00000000
    },
    { // 3
        0b00111100,
        0b01100110,
        0b00000110,
        0b00011100,
        0b00000110,
        0b01100110,
        0b00111100,
        0b00000000
    },
    { // 4
        0b00001100,
        0b00011100,
        0b00101100,
        0b01001100,
        0b01111110,
        0b00001100,
        0b00001100,
        0b00000000
    },
    { // 5
        0b01111110,
        0b01100000,
        0b01111100,
        0b00000110,
        0b00000110,
        0b01100110,
        0b00111100,
        0b00000000
    },
    { // 6
        0b00111100,
        0b01100000,
        0b01111100,
        0b01100110,
        0b01100110,
        0b01100110,
        0b00111100,
        0b00000000
    },
    { // 7
        0b01111110,
        0b00000110,
        0b00001100,
        0b00011000,
        0b00110000,
        0b00110000,
        0b00110000,
        0b00000000
    },
    { // 8
        0b00111100,
        0b01100110,
        0b01100110,
        0b00111100,
        0b01100110,
        0b01100110,
        0b00111100,
        0b00000000
    },
    { // 9
        0b00111100,
        0b01100110,
        0b01100110,
        0b00111110,
        0b00000110,
        0b01100110,
        0b00111100,
        0b00000000
    }
};

tGBT_ColorRGB paletaCGA[CANT_COLORES] =
{
    /// COLORES PERSONALIZADOS PARA EL MENÚ (Slam Dunk)
    {0x00, 0x00, 0x00}, // 0:  Negro (Pelo de Rukawa y bordes)
    {0x2C, 0x2C, 0x2E}, // 1:  Gris azulado oscuro (Sombras profundas)
    {0x7A, 0x48, 0x35}, // 2:  Piel oscura / Sombra de cuellos
    {0xCD, 0x9A, 0x7B}, // 3:  Piel media (Color base de las caras)
    {0xE8, 0xC4, 0xA2}, // 4:  Piel clara (Brillos de la cara)
    {0x8B, 0x18, 0x18}, // 5:  Rojo oscuro (Sombras de las camisetas)
    {0xDB, 0x2B, 0x2B}, // 6:  Rojo vivo (Pelo de Hanamichi y camisetas)
    {0xAA, 0xAA, 0xAA}, // 7:  Gris claro (Tu fondo actual)

    /// COLORES CLÁSICOS PARA LAS PIEZAS DE TETRIS
    {0x55, 0x55, 0x55}, // 8:  Gris oscuro
    {0x55, 0x55, 0xFF}, // 9:  Azul brillante
    {0x55, 0xFF, 0x55}, // 10: Verde brillante
    {0x55, 0xFF, 0xFF}, // 11: Cian brillante
    {0xFF, 0x55, 0x55}, // 12: Rojo brillante
    {0xFF, 0x55, 0xFF}, // 13: Magenta brillante
    {0xFF, 0xFF, 0x55}, // 14: Amarillo

    {0xFF, 0xFF, 0xFF}  // 15: Usado como transparente por GBT
};
/*tGBT_ColorRGB paletaGameBoy[CANT_COLORES] =
{
    // Colores base de UI (Tonos verdes de GameBoy)
    {0x0F, 0x38, 0x0F}, // 0: Verde Muy Oscuro (Bordes)
    {0x30, 0x62, 0x30}, // 1: Verde Oscuro
    {0x8B, 0xAC, 0x0F}, // 2: Verde Medio
    {0x8B, 0xAC, 0x0F}, // 3: Verde Medio
    {0x9B, 0xBC, 0x0F}, // 4: Verde Claro
    {0x0F, 0x38, 0x0F}, // 5: Sombra
    {0x30, 0x62, 0x30}, // 6: Sombra clara
    {0x9B, 0xBC, 0x0F}, // 7: Fondo de pantalla (Verde clarito clásico)

    // Colores de las piezas (Monocromo verde)
    {0x0F, 0x38, 0x0F}, // 8:
    {0x30, 0x62, 0x30}, // 9:
    {0x8B, 0xAC, 0x0F}, // 10:
    {0x0F, 0x38, 0x0F}, // 11:
    {0x30, 0x62, 0x30}, // 12:
    {0x8B, 0xAC, 0x0F}, // 13:
    {0x0F, 0x38, 0x0F}, // 14:

    {0xFF, 0xFF, 0xFF}  // 15: Transparente
};
*/
tGBT_ColorRGB paletaBlancoYNegro[CANT_COLORES] =
{
    // Colores base de UI (Escala progresiva de Grises)
    {0x00, 0x00, 0x00}, // 0: NEGRO Puro (Bordes y texto principal)
    {0x33, 0x33, 0x33}, // 1: Gris Muy Oscuro
    {0x66, 0x66, 0x66}, // 2: Gris Medio Oscuro
    {0x66, 0x66, 0x66}, // 3: Gris Medio Oscuro
    {0x99, 0x99, 0x99}, // 4: Gris Medio
    {0x11, 0x11, 0x11}, // 5: Sombra Oscura
    {0x22, 0x22, 0x22}, // 6: Sombra Clara
    {0xFF, 0xFF, 0xFF}, // 7: BLANCO Puro (Fondo de pantalla y UI limpia)

    // Colores de las piezas (Diferentes grises para contraste)
    {0x11, 0x11, 0x11}, // 8: I
    {0x33, 0x33, 0x33}, // 9: O
    {0x55, 0x55, 0x55}, // 10: T
    {0x11, 0x11, 0x11}, // 11: L
    {0x33, 0x33, 0x33}, // 12: J
    {0x55, 0x55, 0x55}, // 13: S
    {0x11, 0x11, 0x11}, // 14: Z

    {0xFF, 0xFF, 0xFF}  // 15: Transparente
};

// Fuente de letras mayúsculas A-Z en formato 8x8 (1 byte por fila)
const uint8_t fuente_letras[26][8] = {
    {0x18,0x24,0x42,0x42,0x7E,0x42,0x42,0x00}, // A
    {0x7C,0x42,0x42,0x7C,0x42,0x42,0x7C,0x00}, // B
    {0x3C,0x42,0x40,0x40,0x40,0x42,0x3C,0x00}, // C
    {0x78,0x44,0x42,0x42,0x42,0x44,0x78,0x00}, // D
    {0x7E,0x40,0x40,0x78,0x40,0x40,0x7E,0x00}, // E
    {0x7E,0x40,0x40,0x78,0x40,0x40,0x40,0x00}, // F
    {0x3C,0x42,0x40,0x4E,0x42,0x42,0x3C,0x00}, // G
    {0x42,0x42,0x42,0x7E,0x42,0x42,0x42,0x00}, // H
    {0x3E,0x0C,0x0C,0x0C,0x0C,0x0C,0x3E,0x00}, // I
    {0x1F,0x04,0x04,0x04,0x04,0x44,0x38,0x00}, // J
    {0x42,0x44,0x48,0x70,0x48,0x44,0x42,0x00}, // K
    {0x40,0x40,0x40,0x40,0x40,0x40,0x7E,0x00}, // L
    {0x42,0x66,0x5A,0x42,0x42,0x42,0x42,0x00}, // M
    {0x42,0x62,0x52,0x4A,0x46,0x42,0x42,0x00}, // N
    {0x3C,0x42,0x42,0x42,0x42,0x42,0x3C,0x00}, // O
    {0x7C,0x42,0x42,0x7C,0x40,0x40,0x40,0x00}, // P
    {0x3C,0x42,0x42,0x42,0x4A,0x44,0x3A,0x00}, // Q
    {0x7C,0x42,0x42,0x7C,0x48,0x44,0x42,0x00}, // R
    {0x3C,0x42,0x40,0x3C,0x02,0x42,0x3C,0x00}, // S
    {0x7E,0x18,0x18,0x18,0x18,0x18,0x18,0x00}, // T
    {0x42,0x42,0x42,0x42,0x42,0x42,0x3C,0x00}, // U
    {0x42,0x42,0x42,0x42,0x42,0x24,0x18,0x00}, // V
    {0x42,0x42,0x42,0x4A,0x5A,0x66,0x42,0x00}, // W
    {0x42,0x24,0x14,0x08,0x14,0x24,0x42,0x00}, // X
    {0x42,0x42,0x24,0x18,0x18,0x18,0x18,0x00}, // Y
    {0x7E,0x02,0x04,0x08,0x10,0x20,0x7E,0x00}  // Z
};

const uint8_t fuente_numeros_16[10][16] = {
    {0x00,0x3C,0x66,0x66,0x66,0x66,0x66,0x66,0x66,0x66,0x66,0x66,0x66,0x3C,0x00,0x00}, // 0
    {0x00,0x18,0x38,0x78,0x18,0x18,0x18,0x18,0x18,0x18,0x18,0x18,0x18,0x7E,0x00,0x00}, // 1
    {0x00,0x3C,0x66,0x66,0x06,0x06,0x0C,0x18,0x30,0x60,0x60,0x60,0x66,0x7E,0x00,0x00}, // 2
    {0x00,0x3C,0x66,0x66,0x06,0x06,0x1C,0x06,0x06,0x06,0x06,0x66,0x66,0x3C,0x00,0x00}, // 3
    {0x00,0x0C,0x1C,0x3C,0x6C,0x6C,0x6C,0xCC,0xFE,0x0C,0x0C,0x0C,0x0C,0x1E,0x00,0x00}, // 4
    {0x00,0x7E,0x60,0x60,0x60,0x60,0x7C,0x66,0x06,0x06,0x06,0x66,0x66,0x3C,0x00,0x00}, // 5
    {0x00,0x3C,0x66,0x60,0x60,0x60,0x7C,0x66,0x66,0x66,0x66,0x66,0x66,0x3C,0x00,0x00}, // 6
    {0x00,0x7E,0x66,0x06,0x06,0x0C,0x0C,0x18,0x18,0x30,0x30,0x30,0x30,0x30,0x00,0x00}, // 7
    {0x00,0x3C,0x66,0x66,0x66,0x66,0x3C,0x66,0x66,0x66,0x66,0x66,0x66,0x3C,0x00,0x00}, // 8
    {0x00,0x3C,0x66,0x66,0x66,0x66,0x66,0x3E,0x06,0x06,0x06,0x06,0x66,0x3C,0x00,0x00}  // 9
};

// --- FUENTE DE CARACTERES MAYÚSCULAS SELECCIONADOS (8x16 píxeles) ---
const uint8_t FONT16_A[16] = {0x00,0x18,0x3C,0x66,0x66,0x66,0x66,0x7E,0x66,0x66,0x66,0x66,0x66,0x00,0x00,0x00};
const uint8_t FONT16_C[16] = {0x00,0x3C,0x42,0x40,0x40,0x40,0x40,0x40,0x40,0x40,0x42,0x3C,0x00,0x00,0x00,0x00};
const uint8_t FONT16_E[16] = {0x00,0x7E,0x40,0x40,0x40,0x7C,0x40,0x40,0x40,0x40,0x40,0x7E,0x00,0x00,0x00,0x00};
const uint8_t FONT16_G[16] = {0x00,0x3C,0x42,0x40,0x40,0x4E,0x42,0x42,0x42,0x42,0x42,0x3C,0x00,0x00,0x00,0x00};
const uint8_t FONT16_M[16] = {0x00,0x42,0x66,0x5A,0x5A,0x42,0x42,0x42,0x42,0x42,0x42,0x42,0x00,0x00,0x00,0x00};
const uint8_t FONT16_O[16] = {0x00,0x3C,0x42,0x42,0x42,0x42,0x42,0x42,0x42,0x42,0x42,0x3C,0x00,0x00,0x00,0x00};
const uint8_t FONT16_P[16] = {0x00,0x7C,0x42,0x42,0x42,0x7C,0x40,0x40,0x40,0x40,0x40,0x40,0x00,0x00,0x00,0x00};
const uint8_t FONT16_R[16] = {0x00,0x7C,0x42,0x42,0x42,0x7C,0x48,0x44,0x42,0x42,0x42,0x42,0x00,0x00,0x00,0x00};
const uint8_t FONT16_S[16] = {0x00,0x3C,0x42,0x40,0x40,0x3C,0x02,0x02,0x42,0x42,0x42,0x3C,0x00,0x00,0x00,0x00};
const uint8_t FONT16_U[16] = {0x00,0x42,0x42,0x42,0x42,0x42,0x42,0x42,0x42,0x42,0x42,0x3C,0x00,0x00,0x00,0x00};
const uint8_t FONT16_V[16] = {0x00,0x42,0x42,0x42,0x42,0x42,0x42,0x24,0x24,0x24,0x18,0x18,0x00,0x00,0x00,0x00};

const uint8_t marco_basket[TAM_BLOQUE][TAM_BLOQUE] = {
    // Techo del tablero (Negro)
    {INDICE_NEGRO,   INDICE_NEGRO,   INDICE_NEGRO,   INDICE_NEGRO,   INDICE_NEGRO,   INDICE_NEGRO,   INDICE_NEGRO,   INDICE_NEGRO},

    // Acrílico (Gris claro / Blanco)
    {INDICE_NEGRO,   INDICE_GRIS_CL, INDICE_GRIS_CL, INDICE_GRIS_CL, INDICE_GRIS_CL, INDICE_GRIS_CL, INDICE_GRIS_CL, INDICE_NEGRO},
    {INDICE_NEGRO,   INDICE_GRIS_CL, INDICE_GRIS_CL, INDICE_GRIS_CL, INDICE_GRIS_CL, INDICE_GRIS_CL, INDICE_GRIS_CL, INDICE_NEGRO},

    // Borde superior y lateral del cuadradito interno (Negro)
    {INDICE_NEGRO,   INDICE_GRIS_CL, INDICE_NEGRO,   INDICE_NEGRO,   INDICE_NEGRO,   INDICE_NEGRO,   INDICE_GRIS_CL, INDICE_NEGRO},
    {INDICE_NEGRO,   INDICE_GRIS_CL, INDICE_NEGRO,   INDICE_GRIS_CL, INDICE_GRIS_CL, INDICE_NEGRO,   INDICE_GRIS_CL, INDICE_NEGRO},

    // Base del cuadradito interno (Rojo)
    {INDICE_NEGRO,   INDICE_GRIS_CL, INDICE_ROJO_C,  INDICE_ROJO_C,  INDICE_ROJO_C,  INDICE_ROJO_C,  INDICE_GRIS_CL, INDICE_NEGRO},

    // Piso del tablero (Negro)
    {INDICE_NEGRO,   INDICE_NEGRO,   INDICE_NEGRO,   INDICE_NEGRO,   INDICE_NEGRO,   INDICE_NEGRO,   INDICE_NEGRO,   INDICE_NEGRO},

    // EL TRUCO: 1 píxel de transparencia para que los tableros no se peguen entre sí
    {INDICE_TRANSP,  INDICE_TRANSP,  INDICE_TRANSP,  INDICE_TRANSP,  INDICE_TRANSP,  INDICE_TRANSP,  INDICE_TRANSP,  INDICE_TRANSP}
};

// array size is 28080
const uint8_t Slam_dunk[28080] = {
  0xff, 0xff, 0xff, 0xff, 0xff, 0xff, 0xff, 0xff, 0xff, 0xff, 0xff, 0xff, 0xff, 0xff, 0xff, 0xff, 0xff, 0xff, 0xff, 0xff, 0xff, 0xff, 0xff, 0xff, 0xff, 0xff, 0xff, 0xff, 0xff, 0xff, 0xff, 0xff, 0xff, 0xff, 0xff, 0xff, 0xff, 0xff, 0xff, 0xff, 0xff, 0xff, 0xff, 0xff, 0xff, 0xff, 0xff, 0xff, 0xff, 0xff, 0xff, 0xff, 0xff, 0xff, 0xff, 0xff, 0xff, 0xff, 0xff, 0xff, 0xff, 0xff, 0xff, 0xff, 0xff, 0xff, 0xff, 0xff, 0xff, 0xff, 0xff, 0xff, 0xff, 0xff, 0xff, 0xff, 0xff, 0xff, 0xff, 0xff, 0xff, 0xff, 0xff, 0xff, 0xff, 0xff, 0xff, 0xff, 0xff, 0xff, 0xff, 0xff, 0xff, 0xff, 0xff, 0xff, 0xff, 0xff, 0xff, 0xff, 0xff, 0xff, 0xff, 0xff, 0xff, 0xff, 0xff, 0xff, 0xff, 0xff, 0xff, 0xff, 0xff, 0xff, 0xff, 0xff, 0xff, 0xff, 0xff, 0xff, 0xff, 0xff, 0xff, 0xff, 0xff, 0xff, 0xff, 0xff, 0xff, 0xff, 0xff, 0xff, 0xff, 0xff, 0xff, 0xff, 0xff, 0xff, 0xff, 0xff, 0xff, 0xff, 0xff, 0xff, 0xff, 0xff, 0xff, 0xff, 0xff, 0xff, 0xff, 0xff, 0xff, 0xff, 0xff, 0xff, 0xff, 0xff, 0xff, 0xff, 0xff, 0xff, 0xff, 0xff, 0xff, 0xff, 0xff, 0xff, 0xff, 0xff, 0xff, 0xff, 0xff, 0xff, 0xff, 0xff, 0xff, 0xff, 0xff, 0xff, 0xff, 0xff, 0xff, 0xff, 0xff, 0xff, 0xff, 0xff, 0xff, 0xff, 0xff, 0xff, 0xff, 0xff, 0xff, 0xff, 0xff, 0xff, 0xff, 0xff, 0xff, 0xff, 0xff, 0xff, 0xff, 0xff, 0xff, 0xff, 0xff, 0xff, 0xff, 0xff, 0xff, 0xff, 0xff, 0xff, 0xff, 0xff, 0xff, 0xff, 0xff, 0xff, 0xff, 0xff, 0xff, 0xff, 0xff, 0xff, 0xff, 0xff, 0xff, 0xff, 0xff, 0xff, 0xff, 0xff, 0xff, 0xff, 0xff, 0xff, 0xff, 0xff, 0xff, 0xff, 0xff, 0xff, 0xff, 0xff, 0xff, 0xff, 0xff, 0xff, 0xff, 0xff, 0xff, 0xff, 0xff, 0xff, 0xff, 0xff, 0xff, 0xff, 0xff, 0xff, 0xff, 0xff, 0xff, 0xff, 0xff, 0xff,
  0xff, 0x00, 0x00, 0x00, 0x00, 0x00, 0x00, 0x00, 0x00, 0x00, 0x00, 0x00, 0x00, 0x00, 0x00, 0x00, 0x00, 0x00, 0x00, 0x00, 0x00, 0x00, 0x00, 0x00, 0x00, 0x00, 0x00, 0x00, 0x00, 0x00, 0x00, 0x00, 0x00, 0x00, 0x00, 0x00, 0x00, 0x00, 0x00, 0x00, 0x00, 0x00, 0x00, 0x00, 0x00, 0x00, 0x00, 0x00, 0x00, 0x00, 0x00, 0xff, 0xff, 0xff, 0xff, 0xff, 0xff, 0xff, 0xff, 0xff, 0xff, 0x00, 0x00, 0x00, 0x00, 0x00, 0x00, 0x00, 0x00, 0x00, 0x00, 0x00, 0x00, 0x00, 0x00, 0x00, 0x00, 0x00, 0x00, 0x00, 0x00, 0x00, 0x00, 0x00, 0x00, 0x00, 0x00, 0x00, 0x00, 0x00, 0x00, 0x00, 0x00, 0x00, 0x00, 0x00, 0x00, 0x00, 0x00, 0x00, 0x00, 0x00, 0x00, 0x00, 0x00, 0x00, 0xff, 0xff, 0xff, 0xff, 0x00, 0x00, 0x00, 0x00, 0x00, 0x00, 0x00, 0x20, 0x20, 0x20, 0x20, 0x20, 0x20, 0x20, 0x20, 0x69, 0x69, 0x69, 0x00, 0x00, 0x20, 0x20, 0x20, 0x00, 0x00, 0x00, 0x00, 0x00, 0x00, 0x00, 0x20, 0x24, 0x20, 0x20, 0x24, 0x00, 0x00, 0x00, 0x00, 0x00, 0x00, 0x00, 0x00, 0x24, 0x20, 0x20, 0x24, 0x00, 0x00, 0x00, 0x00, 0x00, 0xff, 0xff, 0xff, 0xff, 0xff, 0xff, 0xff, 0x00, 0x69, 0x89, 0x20, 0x24, 0x69, 0x20, 0x69, 0x20, 0x69, 0x24, 0x69, 0x20, 0x69, 0x40, 0x65, 0x89, 0x89, 0x89, 0x69, 0x8d, 0x89, 0x89, 0x89, 0x89, 0x84, 0xa9, 0xa9, 0xa9, 0xa9, 0x84, 0x89, 0x85, 0x89, 0x84, 0xa9, 0x85, 0x89, 0x89, 0xa9, 0x64, 0x89, 0x40, 0x00, 0x00, 0xff, 0xff, 0xff, 0xff, 0xff, 0xff, 0xff, 0xff, 0xff, 0xff, 0xff, 0xff, 0x00, 0x8e, 0x8d, 0x8d, 0x8d, 0xad, 0xad, 0xad, 0xad, 0xad, 0xad, 0xad, 0xb1, 0x8d, 0x8d, 0x8d, 0xad, 0x8d, 0xad, 0x8d, 0x8d, 0xad, 0xad, 0xad, 0x8d, 0x8d, 0xad, 0x8d, 0xad, 0x8d, 0x8d, 0x8d, 0x8d, 0xad, 0x8d, 0x00, 0x00, 0x00, 0x00, 0x00, 0xff, 0xff, 0xff, 0xff,
  0xff, 0x00, 0x00, 0x00, 0x00, 0x00, 0x00, 0x00, 0x00, 0x00, 0x00, 0x00, 0x00, 0x00, 0x00, 0x00, 0x00, 0x00, 0x00, 0x00, 0x00, 0x00, 0x00, 0x00, 0x00, 0x00, 0x00, 0x00, 0x00, 0x00, 0x00, 0x00, 0x00, 0x00, 0x00, 0x00, 0x00, 0x00, 0x00, 0x00, 0x00, 0x00, 0x00, 0x00, 0x00, 0x00, 0x00, 0x00, 0x00, 0x00, 0x00, 0xff, 0xff, 0xff, 0xff, 0xff, 0xff, 0xff, 0xff, 0xff, 0xff, 0x00, 0x00, 0x00, 0x00, 0x00, 0x00, 0x00, 0x00, 0x00, 0x00, 0x00, 0x00, 0x00, 0x00, 0x00, 0x00, 0x00, 0x00, 0x00, 0x00, 0x00, 0x00, 0x00, 0x00, 0x00, 0x00, 0x00, 0x00, 0x00, 0x00, 0x00, 0x00, 0x00, 0x00, 0x00, 0x00, 0x00, 0x00, 0x00, 0x00, 0x00, 0x00, 0x00, 0x00, 0x00, 0xff, 0xff, 0xff, 0xff, 0x00, 0x00, 0x00, 0x00, 0x00, 0x00, 0x00, 0x20, 0x24, 0x20, 0x20, 0x20, 0x20, 0x20, 0x20, 0x69, 0x69, 0x69, 0x00, 0x00, 0x24, 0x24, 0x24, 0x00, 0x00, 0x00, 0x00, 0x00, 0x00, 0x00, 0x20, 0x20, 0x20, 0x20, 0x20, 0x00, 0x00, 0x00, 0x00, 0x00, 0x00, 0x00, 0x00, 0x20, 0x24, 0x20, 0x20, 0x00, 0x00, 0x00, 0x00, 0x00, 0xff, 0xff, 0xff, 0xff, 0xff, 0xff, 0xff, 0x00, 0x8d, 0x40, 0x69, 0x20, 0x69, 0x40, 0x40, 0x69, 0x20, 0x20, 0x40, 0x69, 0x40, 0x40, 0x60, 0xa9, 0x40, 0x89, 0x40, 0xa9, 0x40, 0xa9, 0x60, 0xa9, 0x60, 0xc9, 0xc5, 0xc5, 0xc9, 0xa9, 0x60, 0xa9, 0x60, 0xa9, 0x80, 0xc9, 0x60, 0xa9, 0x60, 0xa9, 0x60, 0x85, 0x00, 0x00, 0xff, 0xff, 0xff, 0xff, 0xff, 0xff, 0xff, 0xff, 0xff, 0xff, 0xff, 0xff, 0x00, 0xae, 0xae, 0xad, 0xad, 0xad, 0xad, 0xad, 0xad, 0xad, 0xad, 0xad, 0xad, 0xad, 0xad, 0xad, 0xad, 0x69, 0xad, 0xad, 0xad, 0xad, 0xad, 0xad, 0xad, 0xad, 0xad, 0xad, 0xad, 0xad, 0xad, 0xad, 0xad, 0xad, 0xb1, 0x00, 0x00, 0x00, 0x00, 0x00, 0xff, 0xff, 0xff, 0xff,
  0xff, 0x00, 0x00, 0x00, 0x00, 0x00, 0x00, 0x00, 0x00, 0x00, 0x00, 0x00, 0x00, 0x00, 0x00, 0x00, 0x00, 0x00, 0x00, 0x00, 0x00, 0x00, 0x00, 0x00, 0x00, 0x00, 0x00, 0x00, 0x00, 0x00, 0x00, 0x00, 0x00, 0x00, 0x00, 0x00, 0x00, 0x00, 0x00, 0x00, 0x00, 0x00, 0x00, 0x00, 0x00, 0x00, 0x00, 0x00, 0x00, 0x00, 0x00, 0x00, 0x00, 0xff, 0xff, 0xff, 0xff, 0xff, 0xff, 0x00, 0x00, 0x00, 0x00, 0x00, 0x00, 0x00, 0x00, 0x00, 0x00, 0x00, 0x00, 0x00, 0x00, 0x92, 0x8d, 0xd6, 0xff, 0xb6, 0xb6, 0xff, 0x00, 0x91, 0x8d, 0x00, 0x00, 0x00, 0xb2, 0x8d, 0x00, 0x00, 0x00, 0x00, 0x00, 0x00, 0x00, 0x00, 0x00, 0x00, 0x00, 0x00, 0x00, 0x00, 0x00, 0x00, 0x00, 0xff, 0xff, 0xff, 0xff, 0xff, 0x00, 0x00, 0x00, 0x00, 0x00, 0x00, 0x00, 0x24, 0x20, 0x69, 0x00, 0x20, 0x00, 0x69, 0x20, 0x69, 0x69, 0x69, 0x00, 0x00, 0x49, 0x69, 0x49, 0x00, 0x00, 0x00, 0x00, 0x00, 0x00, 0x00, 0x20, 0x20, 0x69, 0x69, 0x69, 0x00, 0x00, 0x00, 0x00, 0x00, 0x49, 0x69, 0x69, 0x00, 0x00, 0x20, 0x49, 0x00, 0x00, 0x00, 0x00, 0x00, 0xff, 0xff, 0xff, 0xff, 0xff, 0x00, 0x00, 0x69, 0x40, 0x40, 0x69, 0x40, 0x40, 0x89, 0x40, 0x20, 0x69, 0x40, 0x89, 0x40, 0x40, 0xa9, 0x85, 0xa9, 0x60, 0x40, 0x60, 0x60, 0xa9, 0x60, 0xa9, 0x60, 0xc9, 0xc5, 0xe5, 0xe9, 0x60, 0xc9, 0x60, 0xa9, 0x84, 0xc9, 0xc5, 0xc5, 0xc9, 0x60, 0xc9, 0x60, 0xa9, 0xa9, 0x40, 0x20, 0x00, 0x00, 0xff, 0xff, 0xff, 0xff, 0xff, 0xff, 0xff, 0xff, 0x00, 0x00, 0x00, 0x8d, 0xad, 0xad, 0xad, 0xad, 0xad, 0xad, 0xd6, 0xad, 0xad, 0xad, 0xad, 0xad, 0xad, 0xad, 0xad, 0xad, 0xad, 0xad, 0xad, 0x69, 0xad, 0xad, 0xad, 0xad, 0xad, 0xad, 0xad, 0xad, 0xad, 0xae, 0xad, 0xad, 0x8d, 0x00, 0x00, 0x00, 0x00, 0x00, 0x00, 0x00, 0xff, 0xff,
  0xff, 0x00, 0x00, 0x00, 0x00, 0x00, 0x00, 0x00, 0x00, 0x00, 0x00, 0x00, 0x00, 0x00, 0x00, 0x00, 0x00, 0x00, 0x00, 0x00, 0x00, 0x00, 0x00, 0x00, 0x00, 0x00, 0x00, 0x00, 0x00, 0x00, 0x00, 0x00, 0x00, 0x00, 0x00, 0x00, 0x00, 0x00, 0x00, 0x00, 0x00, 0x00, 0x00, 0x00, 0x00, 0x00, 0x00, 0x00, 0x00, 0x00, 0x00, 0x00, 0x00, 0x00, 0xff, 0xff, 0xff, 0xff, 0xff, 0x00, 0x00, 0x00, 0x00, 0x00, 0x00, 0x00, 0x00, 0x00, 0x00, 0x8d, 0x91, 0xd6, 0xff, 0xd6, 0xff, 0xd6, 0xd6, 0xff, 0xd6, 0xd6, 0xd6, 0xff, 0xd6, 0xff, 0xb6, 0x00, 0xd6, 0x8d, 0x00, 0x00, 0xae, 0x8d, 0x49, 0x00, 0x00, 0x00, 0x00, 0x00, 0x00, 0x00, 0x00, 0x00, 0x00, 0x00, 0x00, 0x00, 0xff, 0xff, 0xff, 0xff, 0xff, 0x00, 0x00, 0x00, 0x00, 0x00, 0x00, 0x20, 0x20, 0x20, 0x00, 0x00, 0x00, 0x00, 0x00, 0x69, 0x69, 0x69, 0x00, 0x00, 0x69, 0x69, 0x69, 0x00, 0x00, 0x00, 0x00, 0x00, 0x00, 0x00, 0x00, 0x00, 0x69, 0x69, 0x69, 0x20, 0x00, 0x00, 0x00, 0x00, 0x69, 0x69, 0x69, 0x40, 0x20, 0x69, 0x24, 0x00, 0x00, 0x00, 0x00, 0x00, 0xff, 0xff, 0xff, 0xff, 0xff, 0x00, 0x00, 0x89, 0x40, 0x69, 0x40, 0x8d, 0x40, 0x40, 0x40, 0x20, 0x40, 0x40, 0x40, 0x40, 0x69, 0x40, 0x40, 0x40, 0x85, 0xa9, 0xa9, 0xa4, 0xc9, 0xc9, 0x60, 0xa9, 0xc9, 0x60, 0xc9, 0x60, 0xc9, 0x84, 0xa9, 0x60, 0xa9, 0x60, 0xc5, 0xc5, 0xc9, 0xc9, 0x80, 0xc9, 0x60, 0xa9, 0x85, 0x89, 0x00, 0x00, 0xff, 0xff, 0xff, 0xff, 0xff, 0xff, 0xff, 0xff, 0x00, 0x00, 0x49, 0x00, 0x00, 0x00, 0x00, 0x8d, 0xd6, 0xad, 0xad, 0xad, 0xad, 0xad, 0xad, 0xad, 0xad, 0xad, 0xad, 0xad, 0x89, 0x69, 0x69, 0x68, 0xad, 0xad, 0xad, 0xad, 0xad, 0xad, 0xad, 0xad, 0xad, 0xad, 0xad, 0xad, 0xad, 0x00, 0x00, 0x00, 0x00, 0x00, 0x00, 0x00, 0xff, 0xff,
  0xff, 0x00, 0x00, 0x00, 0x00, 0x00, 0x00, 0x00, 0x00, 0x00, 0x00, 0x00, 0x00, 0x00, 0x00, 0x00, 0x00, 0x00, 0x00, 0x00, 0x00, 0x00, 0x00, 0x00, 0x00, 0x00, 0x00, 0x00, 0x00, 0x00, 0x00, 0x00, 0x00, 0x00, 0x00, 0x00, 0x00, 0x00, 0x00, 0x00, 0x00, 0x00, 0x00, 0x00, 0x00, 0x00, 0x00, 0x00, 0x00, 0x00, 0x00, 0x00, 0x00, 0x00, 0xff, 0xff, 0xff, 0xff, 0xff, 0x00, 0x00, 0x00, 0x00, 0x00, 0x00, 0x00, 0x00, 0x00, 0x00, 0xd6, 0xae, 0xff, 0xd6, 0xd6, 0xd6, 0xff, 0xd6, 0xd6, 0xff, 0xd6, 0xff, 0xd6, 0xd6, 0xd6, 0xff, 0x00, 0xad, 0xad, 0x00, 0x00, 0x69, 0xae, 0xae, 0x00, 0x00, 0x00, 0x00, 0x00, 0x00, 0x00, 0x00, 0x00, 0x00, 0x00, 0x00, 0x00, 0xff, 0xff, 0xff, 0xff, 0xff, 0x00, 0x00, 0x00, 0x00, 0x00, 0x00, 0x20, 0x49, 0x20, 0x20, 0x00, 0x00, 0x00, 0x00, 0x69, 0x69, 0x69, 0x00, 0x00, 0x69, 0x69, 0x69, 0x00, 0x00, 0x00, 0x00, 0x00, 0x00, 0x00, 0x00, 0x00, 0x69, 0x69, 0x69, 0x00, 0x00, 0x00, 0x00, 0x00, 0x69, 0x69, 0x69, 0x20, 0x20, 0x24, 0x20, 0x00, 0x00, 0x00, 0x00, 0x00, 0xff, 0xff, 0xff, 0xff, 0xff, 0x00, 0x00, 0x69, 0x40, 0x40, 0x40, 0x40, 0x40, 0x40, 0x40, 0x40, 0x40, 0x40, 0x40, 0x69, 0x20, 0x40, 0x69, 0x40, 0x40, 0xa9, 0x60, 0xa9, 0x60, 0xc9, 0x84, 0xa9, 0x60, 0xc9, 0xa4, 0xc9, 0x60, 0xc9, 0x60, 0xa9, 0x60, 0xa9, 0xc9, 0xc5, 0xc5, 0x80, 0xc5, 0xc9, 0xa4, 0xa9, 0x60, 0xa9, 0x00, 0x00, 0xff, 0xff, 0xff, 0xff, 0xff, 0xff, 0xff, 0xff, 0x00, 0x00, 0x49, 0x00, 0x00, 0x00, 0x00, 0x91, 0xad, 0xad, 0xd6, 0xad, 0xd2, 0xad, 0xad, 0xad, 0xad, 0xad, 0xad, 0xad, 0x68, 0x69, 0x64, 0x69, 0xad, 0xad, 0xd2, 0xad, 0xd6, 0xad, 0xd6, 0xad, 0xad, 0xad, 0xad, 0xad, 0xad, 0x00, 0x00, 0x00, 0x00, 0x00, 0x00, 0x00, 0xff, 0xff,
  0xff, 0x00, 0x00, 0x00, 0x00, 0x00, 0x00, 0x00, 0x00, 0x00, 0x00, 0x00, 0x00, 0x00, 0x00, 0x00, 0x00, 0x00, 0x00, 0x00, 0x00, 0x00, 0x00, 0x00, 0x00, 0x00, 0x00, 0x00, 0x00, 0x00, 0x00, 0x00, 0x00, 0x00, 0x00, 0x00, 0x00, 0x00, 0x00, 0x00, 0x00, 0x00, 0x00, 0x00, 0x00, 0x00, 0x00, 0x00, 0x00, 0x00, 0x00, 0x00, 0x00, 0x00, 0xff, 0xff, 0xff, 0xff, 0xff, 0x00, 0x00, 0x00, 0x00, 0x00, 0x00, 0x00, 0x00, 0x00, 0x8d, 0xad, 0xad, 0xd6, 0xff, 0xd6, 0xff, 0xd6, 0xff, 0xd6, 0xd6, 0xff, 0xd6, 0xd6, 0xff, 0xd6, 0xd6, 0xd6, 0xd6, 0xff, 0xd6, 0xff, 0x69, 0xad, 0x69, 0x00, 0x00, 0x00, 0x91, 0x69, 0x00, 0x00, 0x00, 0x00, 0x00, 0x00, 0x00, 0x00, 0x00, 0x00, 0xff, 0xff, 0xff, 0x00, 0x00, 0x00, 0x00, 0x00, 0x00, 0x00, 0x00, 0x00, 0x00, 0x00, 0x00, 0x00, 0x00, 0x69, 0x69, 0x69, 0x00, 0x00, 0x69, 0x69, 0x69, 0x00, 0x00, 0x00, 0x00, 0x00, 0x00, 0x00, 0x00, 0x00, 0x69, 0x69, 0x69, 0x00, 0x00, 0x00, 0x00, 0x00, 0x00, 0x00, 0x00, 0x00, 0x20, 0x00, 0x00, 0x00, 0x00, 0x00, 0x00, 0x00, 0xff, 0xff, 0xff, 0xff, 0xff, 0x00, 0x00, 0xa9, 0xa9, 0xa9, 0x40, 0x69, 0xae, 0xad, 0xad, 0xad, 0xad, 0xad, 0xf6, 0xd6, 0xd6, 0xd6, 0xd6, 0xd6, 0xd6, 0xd6, 0xf6, 0xad, 0x40, 0x40, 0x40, 0x40, 0xa9, 0x60, 0xa9, 0x60, 0xc5, 0xc9, 0x60, 0xa9, 0xa9, 0x60, 0xc9, 0x80, 0xc9, 0xc5, 0x60, 0xc9, 0xc9, 0x80, 0xa9, 0x60, 0x69, 0x20, 0xff, 0xff, 0xff, 0xff, 0xff, 0xff, 0xff, 0xff, 0x00, 0x00, 0x00, 0x00, 0x00, 0x00, 0x00, 0x00, 0x69, 0x69, 0xad, 0xad, 0xad, 0x69, 0x68, 0xad, 0xad, 0x68, 0xad, 0xad, 0xad, 0xad, 0xad, 0xad, 0xf6, 0xad, 0xad, 0x69, 0x69, 0x00, 0x00, 0x00, 0x00, 0x00, 0xad, 0xad, 0xad, 0xad, 0x8d, 0x00, 0x00, 0x00, 0x00, 0x00, 0x00, 0xff,
  0xff, 0x00, 0x00, 0x00, 0x00, 0x00, 0x00, 0x00, 0x00, 0x00, 0x00, 0x00, 0x00, 0x00, 0x00, 0x00, 0x00, 0x00, 0x00, 0x00, 0x00, 0x00, 0x00, 0x00, 0x00, 0x00, 0x00, 0x00, 0x00, 0x00, 0x00, 0x00, 0x00, 0x00, 0x00, 0x00, 0x00, 0x00, 0x00, 0x00, 0x00, 0x00, 0x00, 0x00, 0x00, 0x00, 0x00, 0x00, 0x00, 0x00, 0x00, 0x00, 0x00, 0x00, 0xff, 0xff, 0xff, 0xff, 0xff, 0x00, 0x00, 0x00, 0x00, 0x00, 0x00, 0x00, 0x00, 0x00, 0xad, 0xd6, 0xad, 0xd6, 0xd6, 0xff, 0xd6, 0xd6, 0xd6, 0xff, 0xd6, 0xd6, 0xff, 0xd6, 0xd6, 0xff, 0xd6, 0x8d, 0xd6, 0xd6, 0xff, 0xd6, 0xad, 0x69, 0xad, 0x00, 0x00, 0x00, 0x8d, 0xad, 0x00, 0x00, 0x00, 0x00, 0x00, 0x00, 0x00, 0x00, 0x00, 0x00, 0xff, 0xff, 0xff, 0x00, 0x00, 0x00, 0x00, 0x00, 0x00, 0x00, 0x00, 0x00, 0x00, 0x00, 0x00, 0x00, 0x00, 0x69, 0x69, 0x69, 0x00, 0x00, 0x69, 0x69, 0x69, 0x00, 0x00, 0x00, 0x00, 0x00, 0x00, 0x00, 0x00, 0x00, 0x69, 0x69, 0x69, 0x00, 0x00, 0x00, 0x00, 0x00, 0x00, 0x00, 0x00, 0x00, 0x00, 0x00, 0x00, 0x00, 0x00, 0x00, 0x00, 0x00, 0xff, 0xff, 0xff, 0xff, 0xff, 0x00, 0x20, 0x85, 0x60, 0xa9, 0x40, 0x40, 0xad, 0xad, 0xad, 0xad, 0xad, 0xad, 0xd6, 0xd6, 0xd6, 0xd6, 0xd6, 0xd6, 0xd6, 0xd6, 0xd6, 0x8d, 0x69, 0x20, 0x69, 0x40, 0xa9, 0xa9, 0x60, 0xa9, 0x60, 0xa9, 0xa9, 0x60, 0xa9, 0x60, 0xc9, 0xc9, 0x60, 0xc9, 0x60, 0xa9, 0xc9, 0xa9, 0x60, 0xa9, 0x40, 0x40, 0xff, 0xff, 0xff, 0xff, 0xff, 0xff, 0xff, 0xff, 0x00, 0x00, 0x00, 0x00, 0x00, 0x00, 0x00, 0x00, 0x69, 0x69, 0xad, 0xd6, 0xad, 0x69, 0x69, 0xad, 0xad, 0xad, 0x69, 0xad, 0xad, 0xd6, 0xad, 0xd6, 0xad, 0xad, 0xd6, 0x69, 0x69, 0x00, 0x00, 0x00, 0x00, 0x00, 0x8d, 0xad, 0xad, 0xad, 0xad, 0x00, 0x00, 0x00, 0x00, 0x00, 0x00, 0xff,
  0xff, 0x00, 0x00, 0x00, 0x00, 0x00, 0x00, 0x00, 0x00, 0x00, 0x00, 0x00, 0x00, 0x00, 0x00, 0x00, 0x00, 0x00, 0x00, 0x00, 0x00, 0x00, 0x00, 0x00, 0x00, 0x00, 0x00, 0x00, 0x00, 0x00, 0x00, 0x00, 0x00, 0x00, 0x00, 0x00, 0x00, 0x00, 0x00, 0x00, 0x00, 0x00, 0x00, 0x00, 0x00, 0x00, 0x00, 0x00, 0x00, 0x00, 0x00, 0x00, 0x00, 0x00, 0xff, 0xff, 0xff, 0xff, 0x00, 0x00, 0x00, 0x00, 0x00, 0x00, 0x00, 0x00, 0x00, 0x00, 0x8d, 0xd6, 0xff, 0xd6, 0xff, 0xb6, 0xd6, 0xff, 0xd6, 0xd6, 0xff, 0xd6, 0xd6, 0xff, 0xd6, 0xad, 0xd6, 0xad, 0xff, 0xd6, 0xd6, 0xd6, 0xff, 0xad, 0x8d, 0x00, 0x00, 0xad, 0x69, 0xad, 0x00, 0x00, 0x00, 0x00, 0x00, 0x00, 0x00, 0x00, 0xff, 0xff, 0xff, 0xff, 0xff, 0xff, 0xff, 0x00, 0x00, 0x00, 0x00, 0x00, 0x00, 0x00, 0x00, 0x00, 0x00, 0x00, 0x00, 0x00, 0x00, 0x00, 0x00, 0x00, 0x00, 0x00, 0x00, 0x00, 0x00, 0x00, 0x00, 0x00, 0x00, 0x00, 0x00, 0x00, 0x20, 0x40, 0x69, 0x20, 0x20, 0x00, 0x00, 0x00, 0x00, 0x00, 0x00, 0x00, 0x00, 0x00, 0x00, 0x00, 0x00, 0x00, 0x00, 0x00, 0xff, 0xff, 0xff, 0x00, 0x00, 0x20, 0x65, 0xa9, 0xa9, 0x40, 0x40, 0x40, 0xad, 0xad, 0xad, 0xad, 0xad, 0xad, 0xd6, 0xd6, 0xd6, 0xd6, 0xd6, 0xd6, 0xd6, 0xd6, 0xd6, 0xd6, 0xff, 0xd6, 0xff, 0xd6, 0xff, 0xd6, 0xff, 0xd6, 0xd6, 0x40, 0x40, 0x40, 0xa9, 0xa9, 0x60, 0xa9, 0x60, 0xa9, 0xa9, 0x60, 0xa9, 0x60, 0xc9, 0xc9, 0xa9, 0x89, 0xff, 0xff, 0xff, 0xff, 0xff, 0xff, 0x00, 0x00, 0x00, 0x00, 0x00, 0x00, 0x00, 0x00, 0x00, 0x00, 0x00, 0x00, 0x00, 0x00, 0x69, 0x20, 0x40, 0xad, 0xad, 0x69, 0x68, 0xad, 0x8d, 0x8d, 0x69, 0x69, 0x00, 0x00, 0x00, 0x00, 0x00, 0x00, 0x00, 0x00, 0x00, 0x00, 0x69, 0xad, 0xad, 0xad, 0xad, 0x40, 0x00, 0x00, 0x00, 0x00, 0x00, 0xff,
  0xff, 0x00, 0x00, 0x00, 0x00, 0x00, 0x00, 0x00, 0x00, 0x00, 0x00, 0x00, 0x00, 0x00, 0x00, 0x00, 0x00, 0x00, 0x00, 0x00, 0x00, 0x00, 0x00, 0x00, 0x00, 0x00, 0x00, 0x00, 0x00, 0x00, 0x00, 0x00, 0x00, 0x00, 0x00, 0x00, 0x00, 0x00, 0x00, 0x00, 0x00, 0x00, 0x00, 0x00, 0x00, 0x00, 0x00, 0x00, 0x00, 0x00, 0x00, 0x20, 0x24, 0x00, 0xff, 0xff, 0xff, 0xff, 0x00, 0x00, 0x00, 0x00, 0x00, 0x00, 0x00, 0x00, 0x00, 0x00, 0xff, 0xd6, 0xd6, 0x20, 0x00, 0x00, 0x00, 0x00, 0x00, 0x00, 0x00, 0x00, 0x8d, 0x8d, 0xad, 0xf6, 0xad, 0xad, 0xd6, 0xff, 0xad, 0xd6, 0xd6, 0xad, 0xd6, 0xad, 0xad, 0xad, 0xad, 0xad, 0xad, 0x8d, 0x00, 0x00, 0x00, 0x00, 0x00, 0x00, 0xff, 0xff, 0xff, 0xff, 0xff, 0xff, 0xff, 0x00, 0x00, 0x00, 0x00, 0x8d, 0x8d, 0xad, 0x8d, 0x92, 0x00, 0x00, 0x00, 0x00, 0x00, 0x00, 0x00, 0x00, 0x00, 0x00, 0x00, 0x00, 0x00, 0x00, 0x00, 0x00, 0x00, 0x00, 0x00, 0x00, 0x20, 0x40, 0x20, 0x69, 0x24, 0x00, 0x00, 0x00, 0x00, 0x00, 0x00, 0x00, 0x00, 0x00, 0x00, 0x00, 0x00, 0x00, 0x00, 0x00, 0xff, 0xff, 0xff, 0x00, 0x00, 0x20, 0x40, 0x40, 0x40, 0x40, 0x40, 0x40, 0xad, 0xad, 0xad, 0xad, 0xad, 0xd6, 0xd6, 0xd6, 0xd6, 0xd6, 0xd6, 0xd6, 0xd6, 0xd6, 0xd6, 0xff, 0xd6, 0xff, 0xb6, 0xff, 0xd6, 0xff, 0xff, 0xd6, 0xff, 0xff, 0xff, 0xd6, 0xf6, 0xf2, 0x40, 0x40, 0x40, 0x40, 0x40, 0x64, 0x40, 0x40, 0xc9, 0x60, 0xc9, 0x40, 0xff, 0xff, 0xff, 0xff, 0xff, 0xff, 0x00, 0x00, 0x69, 0x69, 0x69, 0xb2, 0x69, 0x8d, 0x8e, 0x69, 0x00, 0x00, 0x00, 0x00, 0x00, 0x24, 0x20, 0xad, 0xad, 0x64, 0x69, 0xad, 0x00, 0x00, 0x00, 0x00, 0x00, 0x00, 0x00, 0x00, 0x00, 0x69, 0x69, 0x69, 0x00, 0x00, 0x00, 0xad, 0xad, 0xad, 0xad, 0xad, 0x20, 0x24, 0x00, 0x00, 0x00, 0xff,
  0xff, 0x00, 0x00, 0x00, 0x00, 0x00, 0x00, 0x00, 0x00, 0x00, 0x00, 0x00, 0x00, 0x00, 0x00, 0x00, 0x00, 0x00, 0x00, 0x00, 0x00, 0x00, 0x00, 0x00, 0x00, 0x00, 0x00, 0x00, 0x00, 0x00, 0x00, 0x00, 0x00, 0x00, 0x00, 0x00, 0x00, 0x00, 0x00, 0x00, 0x00, 0x00, 0x00, 0x00, 0x00, 0x00, 0x00, 0x00, 0x00, 0x00, 0x00, 0x24, 0x20, 0x00, 0xff, 0xff, 0xff, 0xff, 0x00, 0x00, 0x00, 0x00, 0x00, 0x00, 0x00, 0x00, 0x00, 0x00, 0xd6, 0xff, 0xd6, 0x00, 0x00, 0x00, 0x00, 0x00, 0x00, 0x00, 0x00, 0x00, 0x92, 0x8d, 0xae, 0xad, 0xad, 0xad, 0xd6, 0xd6, 0xd6, 0xad, 0xd6, 0xd6, 0xad, 0xad, 0xf6, 0xad, 0xf6, 0xad, 0xad, 0x69, 0x00, 0x00, 0x00, 0x00, 0x00, 0x00, 0xff, 0xff, 0xff, 0xff, 0xff, 0xff, 0xff, 0x00, 0x00, 0x00, 0x00, 0x8d, 0xad, 0xad, 0xad, 0xad, 0x00, 0x00, 0x00, 0x00, 0x00, 0x00, 0x00, 0x00, 0x00, 0x00, 0x00, 0x00, 0x00, 0x00, 0x00, 0x00, 0x00, 0x00, 0x00, 0x00, 0x20, 0x69, 0x20, 0x20, 0x20, 0x00, 0x00, 0x00, 0x00, 0x00, 0x00, 0x00, 0x00, 0x00, 0x00, 0x00, 0x00, 0x00, 0x00, 0x00, 0xff, 0xff, 0xff, 0x00, 0x00, 0x69, 0x40, 0x69, 0x40, 0x40, 0x40, 0x40, 0xad, 0xad, 0xad, 0xad, 0xad, 0xd6, 0xd6, 0xd6, 0xd6, 0xd6, 0xd6, 0xd6, 0xd6, 0xd6, 0xd6, 0xd6, 0xff, 0xff, 0xd6, 0xff, 0xff, 0xb6, 0xff, 0xff, 0xff, 0xb6, 0xff, 0xff, 0xd6, 0xd6, 0x40, 0x69, 0x69, 0x40, 0x65, 0x40, 0x89, 0x40, 0xa9, 0x60, 0xc9, 0xa9, 0xff, 0xff, 0xff, 0xff, 0xff, 0xff, 0x00, 0x00, 0x69, 0x69, 0x69, 0xad, 0xad, 0x69, 0xae, 0x69, 0x00, 0x00, 0x00, 0x00, 0x00, 0x20, 0x40, 0xad, 0xad, 0x69, 0x68, 0x8d, 0x00, 0x00, 0x00, 0x00, 0x00, 0x00, 0x00, 0x00, 0x00, 0x69, 0x69, 0x69, 0x00, 0x00, 0x00, 0x8d, 0xad, 0xad, 0xad, 0xad, 0x40, 0x20, 0x00, 0x00, 0x00, 0xff,
  0xff, 0x00, 0x00, 0x00, 0x00, 0x00, 0x00, 0x00, 0x00, 0x00, 0x00, 0x00, 0x00, 0x00, 0x00, 0x00, 0x00, 0x00, 0x00, 0x00, 0x00, 0x00, 0x00, 0x00, 0x00, 0x00, 0x00, 0x00, 0x00, 0x00, 0x00, 0x00, 0x00, 0x00, 0x00, 0x00, 0x00, 0x00, 0x00, 0x00, 0x00, 0x00, 0x00, 0x00, 0x69, 0x69, 0x00, 0x00, 0x00, 0x00, 0x00, 0x20, 0x20, 0x20, 0xff, 0xff, 0xff, 0xff, 0x00, 0x00, 0x00, 0x00, 0x00, 0x00, 0x00, 0x00, 0x8d, 0xd6, 0xd6, 0x00, 0x00, 0x00, 0x00, 0x8d, 0x8d, 0x8d, 0x8d, 0x8d, 0x00, 0x00, 0x00, 0x00, 0x00, 0x00, 0x00, 0xad, 0x8d, 0xd6, 0x68, 0xad, 0xad, 0xad, 0xd6, 0xad, 0xad, 0xad, 0xad, 0xad, 0xad, 0xd6, 0x00, 0x00, 0x00, 0x00, 0x00, 0x00, 0xff, 0xff, 0xff, 0xff, 0xff, 0xff, 0xff, 0x00, 0x00, 0x00, 0x00, 0xad, 0xad, 0xad, 0xad, 0xad, 0xd6, 0xd6, 0xd6, 0xd6, 0xd6, 0x92, 0x00, 0x00, 0xd6, 0xd6, 0xd6, 0xd6, 0xd6, 0x8d, 0x92, 0x00, 0x00, 0x00, 0x00, 0x00, 0x00, 0x00, 0x00, 0x24, 0x00, 0x00, 0x00, 0x00, 0x00, 0x00, 0x00, 0x00, 0x00, 0x49, 0x69, 0x69, 0x49, 0x00, 0x00, 0x00, 0xff, 0xff, 0xff, 0x00, 0x00, 0x20, 0x69, 0x40, 0x20, 0x20, 0x69, 0xad, 0xad, 0xad, 0xad, 0xd6, 0xd6, 0xd6, 0xd6, 0xd6, 0xd6, 0xd6, 0xd6, 0xd6, 0xd6, 0xd6, 0xff, 0xff, 0xb6, 0xff, 0xff, 0xd6, 0xff, 0xff, 0xb6, 0xff, 0xff, 0xff, 0xd6, 0xff, 0xb6, 0xff, 0xad, 0xad, 0x40, 0x69, 0x40, 0x40, 0x40, 0x40, 0xa9, 0x84, 0x60, 0x40, 0xff, 0xff, 0xff, 0xff, 0xff, 0xff, 0x00, 0x00, 0x69, 0x69, 0x69, 0x65, 0xad, 0x40, 0x20, 0x20, 0x20, 0x24, 0x00, 0x00, 0x00, 0xae, 0xad, 0xad, 0xad, 0xad, 0xb1, 0x00, 0x00, 0x00, 0x00, 0x00, 0x00, 0x49, 0x69, 0x69, 0x69, 0xad, 0xad, 0xad, 0xad, 0xad, 0x00, 0xad, 0xad, 0xad, 0xad, 0xad, 0x20, 0x24, 0x00, 0x00, 0x00, 0xff,
  0xff, 0x00, 0x00, 0x00, 0x00, 0x00, 0x00, 0x00, 0x00, 0x00, 0x00, 0x00, 0x00, 0x00, 0x00, 0x00, 0x00, 0x00, 0x00, 0x00, 0x00, 0x00, 0x00, 0x00, 0x00, 0x00, 0x00, 0x00, 0x00, 0x00, 0x00, 0x00, 0x00, 0x00, 0x00, 0x00, 0x00, 0x00, 0x00, 0x00, 0x00, 0x00, 0x00, 0x00, 0x65, 0x69, 0x00, 0x00, 0x00, 0x00, 0x00, 0x20, 0x20, 0x24, 0xff, 0xff, 0xff, 0xff, 0x00, 0x00, 0x00, 0x00, 0x00, 0x00, 0x00, 0x00, 0x8d, 0xae, 0xff, 0x00, 0x00, 0x00, 0x00, 0x69, 0x8d, 0x69, 0x69, 0x8d, 0x00, 0x00, 0x00, 0x00, 0x00, 0x00, 0x00, 0x91, 0xad, 0xad, 0xad, 0xad, 0xad, 0xad, 0x8d, 0xd6, 0x8d, 0xd6, 0xb1, 0xd6, 0xad, 0x8d, 0x00, 0x00, 0x00, 0x00, 0x00, 0x00, 0xff, 0xff, 0xff, 0xff, 0xff, 0xff, 0xff, 0x00, 0x00, 0x00, 0x00, 0xad, 0xad, 0xad, 0xad, 0xad, 0xd6, 0xd6, 0xd6, 0xd6, 0xd6, 0x8d, 0x00, 0x00, 0xd6, 0xd6, 0xd6, 0xd6, 0xd6, 0xb1, 0x8d, 0x00, 0x00, 0x00, 0x00, 0x00, 0x00, 0x00, 0x00, 0x00, 0x00, 0x00, 0x00, 0x00, 0x00, 0x00, 0x00, 0x00, 0x00, 0x69, 0x69, 0x69, 0x69, 0x00, 0x00, 0x00, 0xff, 0xff, 0xff, 0x00, 0x00, 0x20, 0x20, 0x40, 0x20, 0x20, 0xad, 0x64, 0xad, 0xad, 0xad, 0xd6, 0xd6, 0xd6, 0xd6, 0xd6, 0xd6, 0xd6, 0xd6, 0xd6, 0xd6, 0xff, 0xd6, 0xff, 0xd6, 0xff, 0xd6, 0xff, 0xb6, 0xff, 0xb6, 0xff, 0xd6, 0xff, 0xff, 0xff, 0xd6, 0xff, 0xad, 0xad, 0x69, 0x40, 0x89, 0x40, 0x65, 0x40, 0xa9, 0x60, 0x40, 0x40, 0xff, 0xff, 0xff, 0xff, 0xff, 0xff, 0x00, 0x00, 0x69, 0x69, 0x69, 0x91, 0x69, 0x20, 0x40, 0x20, 0x24, 0x24, 0x00, 0x00, 0x00, 0xad, 0xad, 0xad, 0xad, 0xad, 0xad, 0x20, 0x00, 0x00, 0x00, 0x00, 0x00, 0x69, 0x49, 0x69, 0x69, 0xad, 0xad, 0xad, 0xad, 0xad, 0x20, 0xad, 0xad, 0xad, 0xad, 0xad, 0x40, 0x20, 0x00, 0x00, 0x00, 0xff,
  0xff, 0x00, 0x00, 0x00, 0x00, 0x00, 0x00, 0x00, 0x00, 0x00, 0x00, 0x00, 0x00, 0x00, 0x00, 0x00, 0x00, 0x00, 0x00, 0x00, 0x00, 0x00, 0x00, 0x00, 0x00, 0x00, 0x00, 0x00, 0x00, 0x00, 0x00, 0x00, 0x00, 0x00, 0x00, 0x00, 0x00, 0x00, 0x00, 0x00, 0x00, 0x00, 0x00, 0x00, 0x69, 0x69, 0x00, 0x00, 0x00, 0x00, 0x00, 0x20, 0x20, 0x20, 0xff, 0xff, 0xff, 0xff, 0x00, 0x00, 0x00, 0x00, 0x00, 0x00, 0x00, 0x00, 0xad, 0xad, 0xd6, 0xd6, 0xff, 0xd6, 0xd6, 0xff, 0xd6, 0xd6, 0xff, 0xd6, 0x8d, 0x8d, 0x92, 0x00, 0x00, 0x00, 0x00, 0x00, 0xad, 0xd6, 0x64, 0xad, 0xad, 0x00, 0x00, 0x00, 0x00, 0x00, 0x00, 0x00, 0x8d, 0xd6, 0x8d, 0x00, 0x00, 0x00, 0x00, 0x00, 0x00, 0x00, 0xff, 0xff, 0xff, 0xff, 0xff, 0x00, 0x00, 0x00, 0x00, 0x8d, 0xad, 0xad, 0xad, 0xad, 0xd6, 0xd6, 0xd6, 0xd6, 0xd6, 0xd6, 0xd6, 0xd6, 0xd6, 0xd6, 0xd6, 0xd6, 0xd6, 0xd6, 0xd6, 0xd6, 0xd6, 0xb6, 0xd6, 0xb6, 0xd6, 0xd6, 0xd6, 0xd6, 0xd6, 0xb2, 0xad, 0x8d, 0x69, 0x69, 0x69, 0x69, 0x69, 0x69, 0x69, 0x69, 0x69, 0x00, 0xff, 0xff, 0xff, 0xff, 0xff, 0x00, 0x00, 0x24, 0x20, 0x20, 0x40, 0x20, 0x69, 0xad, 0xad, 0xad, 0xad, 0xd6, 0xd6, 0xd6, 0xd6, 0xd6, 0xd6, 0xd6, 0xd6, 0xd6, 0xd6, 0xd6, 0xff, 0xd6, 0xff, 0xb6, 0xff, 0xd6, 0xff, 0xff, 0xd6, 0xff, 0xff, 0xff, 0xd6, 0xff, 0xff, 0xd6, 0xd6, 0xad, 0xad, 0x40, 0x40, 0x40, 0x40, 0x89, 0x40, 0xa9, 0x40, 0x69, 0xff, 0xff, 0xff, 0xff, 0xff, 0xff, 0x00, 0x00, 0x40, 0x40, 0x69, 0x00, 0x00, 0xd6, 0xd6, 0xff, 0x00, 0x00, 0x00, 0x00, 0x8d, 0xad, 0xad, 0xad, 0xad, 0xad, 0xad, 0xad, 0xad, 0xad, 0x69, 0x49, 0x00, 0x00, 0x00, 0x00, 0x00, 0x00, 0xad, 0x69, 0xad, 0xad, 0xad, 0xad, 0xad, 0xad, 0xad, 0xad, 0x20, 0x20, 0x20, 0x20, 0x00, 0xff,
  0xff, 0x00, 0x00, 0x00, 0x00, 0x00, 0x00, 0x00, 0x00, 0x00, 0x00, 0x00, 0x00, 0x00, 0x00, 0x00, 0x00, 0x00, 0x00, 0x00, 0x00, 0x00, 0x00, 0x00, 0x00, 0x00, 0x00, 0x00, 0x00, 0x00, 0x00, 0x00, 0x00, 0x00, 0x00, 0x00, 0x00, 0x00, 0x00, 0x00, 0x00, 0x00, 0x00, 0x00, 0x69, 0x69, 0x00, 0x00, 0x00, 0x00, 0x00, 0x20, 0x20, 0x20, 0xff, 0xff, 0xff, 0xff, 0x00, 0x00, 0x00, 0x00, 0x00, 0x00, 0x00, 0x00, 0xd6, 0xad, 0xff, 0xd6, 0xd6, 0xff, 0xd6, 0xd6, 0xff, 0xd6, 0xd6, 0xff, 0xad, 0xd6, 0x69, 0x00, 0x00, 0x00, 0x00, 0x00, 0xad, 0xad, 0xad, 0x69, 0x8d, 0x00, 0x00, 0x00, 0x00, 0x00, 0x00, 0x00, 0x8d, 0xae, 0xd6, 0x00, 0x00, 0x00, 0x00, 0x00, 0x00, 0x00, 0xff, 0xff, 0xff, 0xff, 0xff, 0x00, 0x00, 0x00, 0x00, 0x8d, 0xad, 0xad, 0xad, 0xad, 0xd6, 0xd6, 0xd6, 0xd6, 0xd6, 0xd6, 0xd6, 0xd6, 0xd6, 0xd6, 0xd6, 0xd6, 0xd6, 0xd6, 0xd6, 0xd6, 0xd6, 0xd6, 0xd6, 0xd6, 0xff, 0xd6, 0xd6, 0xd6, 0xd6, 0x8d, 0xae, 0xad, 0x69, 0x69, 0x69, 0x69, 0x69, 0x69, 0x64, 0x69, 0x69, 0x00, 0xff, 0xff, 0xff, 0xff, 0xff, 0x00, 0x00, 0x20, 0x20, 0x20, 0x20, 0x20, 0xad, 0x69, 0xad, 0xad, 0xad, 0xd6, 0xd6, 0xd6, 0xd6, 0xd6, 0xd6, 0xd6, 0xd6, 0xd6, 0xd6, 0xff, 0xd6, 0xff, 0xff, 0xff, 0xb6, 0xff, 0xd6, 0xff, 0xff, 0xff, 0xb6, 0xff, 0xff, 0xff, 0xd6, 0xff, 0xad, 0xad, 0xd6, 0x40, 0x89, 0x40, 0x89, 0x40, 0x40, 0x40, 0x20, 0x24, 0xff, 0xff, 0xff, 0xff, 0xff, 0xff, 0x00, 0x00, 0x40, 0x40, 0x69, 0x00, 0x00, 0xd6, 0xd6, 0xd6, 0x00, 0x00, 0x00, 0x00, 0xad, 0xad, 0xad, 0xad, 0xd6, 0xad, 0xd6, 0xad, 0xad, 0x8d, 0x69, 0x69, 0x00, 0x00, 0x00, 0x00, 0x00, 0x00, 0x8d, 0xad, 0xad, 0xad, 0xad, 0xad, 0xad, 0xad, 0xad, 0xad, 0x40, 0x20, 0x69, 0x20, 0x00, 0xff,
  0xff, 0x00, 0x00, 0x00, 0x00, 0x00, 0x00, 0x00, 0x00, 0x00, 0x00, 0x00, 0x00, 0x00, 0x00, 0x00, 0x00, 0x00, 0x00, 0x00, 0x00, 0x00, 0x00, 0x00, 0x00, 0x00, 0x00, 0x00, 0x00, 0x00, 0x00, 0x00, 0x00, 0x49, 0x49, 0x49, 0x49, 0x49, 0x00, 0x00, 0x00, 0x69, 0x69, 0x69, 0x69, 0x69, 0x00, 0x00, 0x00, 0x20, 0x20, 0x20, 0x20, 0x20, 0xff, 0xff, 0xff, 0xff, 0x00, 0x00, 0x00, 0x00, 0x00, 0x00, 0x00, 0x00, 0xad, 0xad, 0xd6, 0xff, 0xb6, 0xd6, 0xff, 0xd6, 0xd6, 0xff, 0xd6, 0xd6, 0xad, 0xad, 0xd6, 0xb2, 0x69, 0x8d, 0x8d, 0xad, 0xd6, 0xff, 0xd6, 0xd6, 0x00, 0x00, 0x00, 0x00, 0x00, 0x00, 0x00, 0x00, 0x00, 0x00, 0x8d, 0x00, 0x00, 0x00, 0x00, 0x00, 0x00, 0x00, 0xff, 0xff, 0xff, 0xff, 0xff, 0xff, 0xff, 0x00, 0x00, 0xd6, 0xad, 0xad, 0xad, 0xad, 0xd6, 0xd6, 0xd6, 0xd6, 0xd6, 0xd6, 0xd6, 0xd6, 0xd6, 0xd6, 0xd6, 0xd6, 0xd6, 0xff, 0xd6, 0xff, 0xd6, 0xd6, 0xff, 0xd6, 0xd6, 0xd6, 0xd6, 0xd6, 0xd6, 0xd6, 0xd6, 0xf6, 0x69, 0x69, 0x69, 0x68, 0x69, 0x69, 0xad, 0x69, 0x68, 0x00, 0xff, 0xff, 0xff, 0xff, 0xff, 0x00, 0x00, 0x20, 0x20, 0x20, 0x00, 0x00, 0x00, 0x00, 0x8d, 0xad, 0xad, 0xd6, 0xd6, 0xd6, 0xd6, 0xd6, 0xd6, 0xd6, 0xd6, 0xd6, 0x8d, 0xff, 0xff, 0xd6, 0xb6, 0xff, 0xff, 0xb6, 0xff, 0xd6, 0xff, 0xb6, 0xff, 0xff, 0xd6, 0xff, 0xff, 0xd6, 0xd6, 0xd6, 0xd6, 0x40, 0x40, 0x85, 0x40, 0x40, 0x69, 0x20, 0x20, 0x00, 0xff, 0xff, 0xff, 0xff, 0xff, 0x00, 0x8e, 0xad, 0xad, 0xad, 0x20, 0x00, 0x00, 0x69, 0x69, 0x00, 0x00, 0x00, 0x49, 0x69, 0x69, 0xad, 0xad, 0xad, 0xad, 0xad, 0xad, 0x69, 0x64, 0x69, 0x00, 0x00, 0xd6, 0xff, 0xff, 0x00, 0x00, 0x49, 0x00, 0x00, 0xad, 0x69, 0xad, 0xad, 0xad, 0xad, 0xad, 0xad, 0x20, 0x20, 0x20, 0x69, 0x00, 0xff,
  0xff, 0x00, 0x00, 0x00, 0x00, 0x00, 0x00, 0x00, 0x00, 0x00, 0x00, 0x00, 0x00, 0x00, 0x00, 0x00, 0x00, 0x00, 0x00, 0x00, 0x00, 0x00, 0x00, 0x00, 0x00, 0x00, 0x00, 0x00, 0x00, 0x49, 0x49, 0x00, 0x00, 0x49, 0x00, 0x00, 0x00, 0x00, 0x69, 0x69, 0x69, 0x69, 0x69, 0xad, 0xad, 0x8d, 0x00, 0x00, 0x00, 0x20, 0x20, 0x20, 0x69, 0x20, 0xff, 0xff, 0x00, 0x00, 0x00, 0x00, 0x00, 0x00, 0x00, 0x00, 0x00, 0x00, 0xad, 0xd6, 0xad, 0xd6, 0xff, 0xd6, 0xd6, 0xff, 0xd6, 0x00, 0x00, 0x24, 0x00, 0x00, 0x00, 0x00, 0x00, 0x69, 0x69, 0x69, 0xad, 0xad, 0xff, 0xd6, 0x00, 0x69, 0x69, 0x69, 0x69, 0x8d, 0xad, 0x69, 0xd6, 0xad, 0x00, 0x00, 0x00, 0x00, 0x00, 0xff, 0xff, 0xff, 0xff, 0xff, 0xff, 0xff, 0xff, 0xff, 0xff, 0x00, 0x00, 0x8d, 0xad, 0xad, 0xad, 0xad, 0xd6, 0xd6, 0xd6, 0xd6, 0xd6, 0xd6, 0xd6, 0xd6, 0xd6, 0xd6, 0xd6, 0xd6, 0xd6, 0xd6, 0xd6, 0xd6, 0xd6, 0xd6, 0xd6, 0xd6, 0xd6, 0xd6, 0xd6, 0xd6, 0xd6, 0xd6, 0xd6, 0xd6, 0xad, 0x69, 0xad, 0x69, 0x69, 0xad, 0xd6, 0x69, 0x69, 0x00, 0xff, 0xff, 0xff, 0xff, 0xff, 0x00, 0x00, 0x20, 0x20, 0x20, 0x00, 0x00, 0x8d, 0xad, 0x00, 0x00, 0x00, 0x00, 0x00, 0x69, 0xd6, 0xd6, 0xd6, 0xff, 0xd6, 0xd6, 0xd6, 0xd6, 0xff, 0xff, 0xff, 0xd6, 0xff, 0xff, 0xb6, 0xff, 0xd6, 0xff, 0xff, 0xff, 0xff, 0xb6, 0xff, 0xff, 0xd6, 0xd6, 0xd6, 0x40, 0x40, 0x40, 0x85, 0x40, 0x40, 0x89, 0x00, 0x00, 0xff, 0xff, 0xff, 0xff, 0xff, 0x00, 0x8d, 0xad, 0xad, 0xad, 0xad, 0xad, 0xad, 0xad, 0xd6, 0xad, 0xad, 0xad, 0x69, 0x68, 0x69, 0xd6, 0xd6, 0xd6, 0xd6, 0xf6, 0xad, 0x64, 0xad, 0x8d, 0x00, 0x00, 0x00, 0x69, 0x69, 0x00, 0x00, 0x00, 0x69, 0x69, 0x69, 0x69, 0xad, 0xd6, 0xf6, 0xd6, 0xd6, 0xad, 0x00, 0x00, 0x00, 0x00, 0x00, 0xff,
  0xff, 0x00, 0x00, 0x00, 0x00, 0x00, 0x00, 0x00, 0x00, 0x00, 0x00, 0x00, 0x00, 0x00, 0x00, 0x00, 0x00, 0x00, 0x00, 0x00, 0x00, 0x00, 0x00, 0x00, 0x00, 0x00, 0x00, 0x00, 0x00, 0x69, 0x69, 0x00, 0x00, 0x49, 0x00, 0x00, 0x00, 0x00, 0x69, 0x69, 0x69, 0x69, 0x69, 0xad, 0xad, 0x8d, 0x00, 0x00, 0x00, 0x20, 0x20, 0x20, 0x69, 0x20, 0xff, 0xff, 0x00, 0x00, 0x00, 0x00, 0x00, 0x00, 0x00, 0x00, 0x00, 0x00, 0xad, 0xad, 0xd6, 0xd6, 0xd6, 0xff, 0xd6, 0xd6, 0xff, 0x00, 0x00, 0x00, 0x00, 0x00, 0x00, 0x00, 0x00, 0x69, 0x69, 0xad, 0xad, 0xd6, 0xd6, 0xff, 0x00, 0x69, 0x69, 0x69, 0x64, 0x89, 0xad, 0xad, 0xad, 0xad, 0x00, 0x00, 0x00, 0x00, 0x00, 0xff, 0xff, 0xff, 0xff, 0xff, 0xff, 0xff, 0xff, 0xff, 0xff, 0x00, 0x00, 0x8d, 0xad, 0xad, 0xad, 0xad, 0xd6, 0xd6, 0xd6, 0xd6, 0xd6, 0xd6, 0xd6, 0xd6, 0xd6, 0xd6, 0xd6, 0xd6, 0xd6, 0xd6, 0xd6, 0xd6, 0xd6, 0xd6, 0xd6, 0xd6, 0xd6, 0xd6, 0xff, 0xd6, 0xd6, 0xd6, 0xd6, 0xd6, 0xad, 0xad, 0xad, 0x68, 0x69, 0xad, 0xad, 0x69, 0x69, 0x00, 0xff, 0xff, 0xff, 0xff, 0xff, 0x00, 0x00, 0x20, 0x20, 0x20, 0x00, 0x00, 0xad, 0x65, 0x00, 0x00, 0x00, 0x00, 0x00, 0x8d, 0xd6, 0xd6, 0xff, 0xd6, 0xff, 0xd6, 0xd6, 0xff, 0xd6, 0xd6, 0xff, 0xd6, 0xff, 0xb6, 0xff, 0xff, 0xff, 0xd6, 0xff, 0xd6, 0xff, 0xff, 0xb6, 0xff, 0xd6, 0xd6, 0xd6, 0x20, 0x20, 0x40, 0x40, 0xa9, 0x40, 0x40, 0x00, 0x00, 0xff, 0xff, 0xff, 0xff, 0xff, 0x00, 0xad, 0xad, 0xad, 0xf6, 0xad, 0xad, 0xad, 0xad, 0xf6, 0xad, 0xad, 0xad, 0x69, 0x68, 0x68, 0xd6, 0xd6, 0xd6, 0xd6, 0xad, 0xad, 0x69, 0xad, 0xad, 0x00, 0x00, 0x00, 0x69, 0x69, 0x00, 0x00, 0x00, 0xad, 0x69, 0x69, 0x69, 0xd6, 0xd6, 0xd6, 0xf6, 0xd6, 0x8d, 0x00, 0x00, 0x00, 0x00, 0x00, 0xff,
  0xff, 0x00, 0x00, 0x00, 0x00, 0x00, 0x49, 0x00, 0x00, 0x00, 0x00, 0x00, 0x00, 0x00, 0x00, 0x00, 0x00, 0x00, 0x00, 0x00, 0x00, 0x00, 0x00, 0x00, 0x69, 0x69, 0x00, 0x00, 0x00, 0x69, 0x69, 0x00, 0x00, 0x00, 0x00, 0x00, 0x69, 0x69, 0x69, 0x00, 0x00, 0x00, 0x00, 0x68, 0xad, 0xad, 0x00, 0x00, 0x8d, 0x40, 0x69, 0x40, 0x20, 0x69, 0xff, 0xff, 0x00, 0x00, 0x00, 0x00, 0x00, 0x00, 0x00, 0x00, 0x8d, 0xd6, 0xad, 0xd6, 0x8d, 0xff, 0xb6, 0x00, 0x00, 0x00, 0x00, 0xd6, 0x00, 0x00, 0x00, 0x00, 0xff, 0xd6, 0xb6, 0x00, 0x00, 0x8d, 0xad, 0xad, 0xd6, 0xd6, 0x00, 0x69, 0x69, 0x69, 0x69, 0xad, 0xad, 0xad, 0xad, 0xd6, 0x8d, 0x00, 0x00, 0x00, 0x00, 0xff, 0xff, 0xff, 0xff, 0xff, 0xff, 0x00, 0x00, 0x00, 0x00, 0x00, 0x00, 0xad, 0xad, 0xad, 0xad, 0xad, 0xd6, 0xd6, 0xd6, 0xd6, 0xd6, 0xd6, 0xd6, 0xd6, 0xd6, 0xd6, 0xd6, 0xd6, 0xff, 0xd6, 0xd6, 0xff, 0xd6, 0xd6, 0xff, 0xd6, 0xd6, 0xd6, 0xd6, 0xd6, 0xd6, 0xd6, 0xd6, 0xd6, 0xad, 0xad, 0x69, 0xd6, 0xad, 0x69, 0x69, 0x69, 0x69, 0x00, 0xff, 0xff, 0xff, 0xff, 0xff, 0x00, 0x00, 0x00, 0x00, 0x00, 0x00, 0x00, 0xad, 0xad, 0xae, 0x8d, 0x69, 0x00, 0x00, 0x00, 0x8d, 0x69, 0xff, 0xd6, 0xff, 0xd6, 0xd6, 0xd6, 0xff, 0x00, 0xff, 0xb6, 0xff, 0xff, 0xd6, 0xd6, 0xff, 0x8d, 0x8d, 0x20, 0x00, 0x00, 0x8d, 0xad, 0xd6, 0xd6, 0xd6, 0x40, 0x20, 0x69, 0x40, 0x40, 0x89, 0x40, 0x00, 0x00, 0xff, 0xff, 0xff, 0xff, 0xff, 0x00, 0xad, 0xad, 0xf6, 0xad, 0xad, 0xf6, 0xad, 0xad, 0xad, 0xad, 0xad, 0xad, 0x69, 0x69, 0xf6, 0xd6, 0xd6, 0xd6, 0xd6, 0xd6, 0xd6, 0xad, 0xad, 0xad, 0xd6, 0xad, 0xad, 0xad, 0xae, 0xad, 0xad, 0x69, 0x69, 0x69, 0xad, 0x69, 0xd6, 0xd6, 0xd6, 0xd6, 0xd6, 0xd6, 0x20, 0x24, 0x20, 0x20, 0x00, 0xff,
  0xff, 0x00, 0x00, 0x00, 0x00, 0x00, 0x49, 0x00, 0x00, 0x00, 0x00, 0x00, 0x00, 0x00, 0x00, 0x00, 0x00, 0x00, 0x00, 0x00, 0x00, 0x00, 0x00, 0x00, 0x69, 0x69, 0x00, 0x00, 0x00, 0x69, 0x69, 0x00, 0x00, 0x00, 0x00, 0x00, 0x69, 0x69, 0x69, 0x00, 0x00, 0x00, 0x00, 0x69, 0xad, 0xad, 0x00, 0x00, 0x8d, 0x40, 0x69, 0x40, 0x69, 0x20, 0xff, 0xff, 0x00, 0x00, 0x00, 0x00, 0x00, 0x00, 0x00, 0x00, 0xad, 0xad, 0xad, 0xad, 0xad, 0xd6, 0xff, 0x00, 0x00, 0x00, 0x00, 0xd6, 0x00, 0x00, 0x00, 0x00, 0xff, 0x8d, 0xd6, 0x00, 0x00, 0xad, 0x8d, 0xd6, 0xd6, 0xff, 0x00, 0x69, 0x69, 0x69, 0x69, 0x69, 0xad, 0xf6, 0xad, 0x8d, 0xd6, 0x00, 0x00, 0x00, 0x00, 0xff, 0xff, 0xff, 0xff, 0xff, 0xff, 0x00, 0x00, 0x00, 0x00, 0x00, 0x00, 0xd6, 0xad, 0xad, 0xad, 0xad, 0xd6, 0xd6, 0xd6, 0xd6, 0xd6, 0xd6, 0xd6, 0xd6, 0xd6, 0xd6, 0xd6, 0xd6, 0xd6, 0xd6, 0xd6, 0xd6, 0xd6, 0xd6, 0xd6, 0xd6, 0xff, 0xd6, 0xd6, 0xd6, 0xff, 0xd6, 0xd6, 0xd6, 0xad, 0xd6, 0x68, 0xad, 0xad, 0x69, 0x69, 0x69, 0x69, 0x00, 0xff, 0xff, 0xff, 0xff, 0xff, 0x00, 0x00, 0x00, 0x00, 0x00, 0x00, 0x00, 0xad, 0xad, 0x65, 0xad, 0xae, 0x00, 0x00, 0x00, 0x8d, 0x69, 0xff, 0xd6, 0xff, 0xd6, 0xd6, 0xff, 0xd6, 0x00, 0xff, 0xff, 0xb6, 0xff, 0xff, 0xff, 0xd6, 0xd6, 0x8d, 0x00, 0x00, 0x00, 0xd6, 0x8d, 0xd6, 0xd6, 0xd6, 0x20, 0x20, 0x40, 0x89, 0x40, 0x40, 0x49, 0x00, 0x00, 0xff, 0xff, 0xff, 0xff, 0xff, 0x00, 0xad, 0xd6, 0xad, 0xad, 0xad, 0xad, 0xd6, 0xad, 0xad, 0xad, 0xad, 0xad, 0x69, 0x69, 0xd6, 0xd6, 0xd6, 0xd6, 0xd6, 0xd6, 0xd6, 0xad, 0xd6, 0xad, 0xad, 0xad, 0xad, 0xad, 0xad, 0xad, 0xad, 0x69, 0x68, 0x64, 0xad, 0xad, 0xd6, 0xd6, 0xd6, 0xd6, 0xd6, 0xd6, 0x24, 0x20, 0x69, 0x24, 0x00, 0xff,
  0xff, 0x00, 0x00, 0x00, 0x00, 0x00, 0x69, 0x00, 0x00, 0x00, 0x00, 0x49, 0x00, 0x00, 0x00, 0x00, 0x00, 0x69, 0x49, 0x00, 0x00, 0x00, 0x00, 0x00, 0x69, 0x69, 0x00, 0x00, 0x00, 0x69, 0x69, 0x00, 0x00, 0x00, 0x49, 0x49, 0x00, 0x00, 0x00, 0x69, 0x69, 0x00, 0x00, 0xad, 0xad, 0xad, 0x00, 0x00, 0x8d, 0xad, 0xad, 0x40, 0x40, 0x8d, 0xff, 0xff, 0x00, 0x00, 0x00, 0x00, 0x00, 0x00, 0x00, 0x00, 0xad, 0xd6, 0xad, 0xd6, 0xad, 0xb1, 0x91, 0xd6, 0xff, 0x49, 0x8d, 0x8d, 0xad, 0x8d, 0xae, 0xad, 0xae, 0xad, 0xad, 0x69, 0x8d, 0x8d, 0xd6, 0xd6, 0xff, 0xd6, 0xd6, 0x00, 0x00, 0x00, 0x00, 0x00, 0x00, 0x00, 0x8d, 0xd6, 0xad, 0x8d, 0x92, 0x00, 0x00, 0xff, 0xff, 0xff, 0xff, 0xff, 0x00, 0x69, 0x69, 0x00, 0x00, 0x00, 0x00, 0x91, 0xad, 0xad, 0xad, 0xad, 0xd6, 0xd6, 0xd6, 0xd6, 0xd6, 0xd6, 0xd6, 0xd6, 0xd6, 0xd6, 0xd6, 0xd6, 0xd6, 0xd6, 0xff, 0xd6, 0xd6, 0xd6, 0xd6, 0xd6, 0xd6, 0xd6, 0xd6, 0xd6, 0xd6, 0xd6, 0xd6, 0xd6, 0xad, 0xad, 0xad, 0xad, 0xad, 0x69, 0x69, 0x20, 0x00, 0xff, 0xff, 0xff, 0xff, 0xff, 0x00, 0x00, 0x00, 0x00, 0x00, 0x00, 0x8d, 0xad, 0xad, 0xad, 0xad, 0x69, 0xae, 0x69, 0x92, 0x00, 0x00, 0x00, 0x00, 0x00, 0x91, 0xd6, 0xd6, 0xb2, 0xd6, 0x00, 0xb6, 0xff, 0xd6, 0xff, 0x91, 0x00, 0x00, 0x00, 0x00, 0x00, 0x00, 0x00, 0x00, 0x00, 0xd6, 0xd6, 0xd6, 0x00, 0x00, 0x20, 0x40, 0x40, 0x20, 0x24, 0x00, 0x00, 0xff, 0xff, 0xff, 0x00, 0x00, 0x8d, 0xd6, 0xad, 0xad, 0xd6, 0xad, 0xf6, 0xad, 0xad, 0xad, 0xad, 0x69, 0x69, 0xad, 0x8d, 0xd6, 0x8d, 0xad, 0xd6, 0xd6, 0xd6, 0xd6, 0xad, 0xad, 0xad, 0xd6, 0xad, 0xf6, 0xad, 0xd6, 0xad, 0xad, 0xd6, 0xd6, 0xd6, 0xd6, 0xd6, 0xd6, 0xd6, 0xd6, 0xd6, 0xd6, 0xd6, 0x20, 0x20, 0x20, 0x00, 0x00, 0xff,
  0xff, 0x00, 0x00, 0x00, 0x69, 0x69, 0x00, 0x00, 0x00, 0x00, 0x00, 0x49, 0x00, 0x00, 0x00, 0x00, 0x00, 0x8d, 0x8e, 0x00, 0x00, 0x00, 0x00, 0x00, 0x69, 0x69, 0x00, 0x00, 0x00, 0x69, 0x69, 0x00, 0x00, 0x00, 0x00, 0x00, 0x00, 0x00, 0x69, 0x69, 0x69, 0xad, 0xad, 0xad, 0xad, 0xad, 0x00, 0x00, 0x00, 0x8d, 0xad, 0xf6, 0xf6, 0x20, 0xff, 0xff, 0x00, 0x00, 0x00, 0x00, 0x00, 0x00, 0x00, 0x00, 0xad, 0xad, 0xd6, 0xff, 0xff, 0xff, 0xff, 0xd6, 0xb6, 0xff, 0xd6, 0xad, 0xad, 0xd6, 0xad, 0xd6, 0xad, 0x69, 0xad, 0xd6, 0xd6, 0xff, 0xd6, 0xff, 0xd6, 0xd6, 0xff, 0x00, 0x00, 0x00, 0x00, 0xd6, 0x69, 0x8d, 0x00, 0x00, 0xad, 0xd6, 0xad, 0x00, 0x00, 0xff, 0xff, 0xff, 0xff, 0xff, 0x00, 0x69, 0x69, 0x69, 0x69, 0x00, 0x00, 0x8d, 0x00, 0x00, 0x00, 0x00, 0xad, 0xd6, 0xd6, 0xd6, 0xd6, 0xd6, 0xd6, 0xd6, 0xd6, 0xd6, 0xd6, 0xd2, 0xd6, 0xd6, 0xd6, 0xd6, 0xd6, 0xff, 0xd6, 0xd6, 0xd6, 0xd6, 0xff, 0xd6, 0xd6, 0xd6, 0xd6, 0xd6, 0xd6, 0xd6, 0xad, 0x68, 0x69, 0x69, 0x69, 0x00, 0x00, 0xff, 0xff, 0xff, 0xff, 0xff, 0x00, 0x20, 0x20, 0x20, 0x20, 0x00, 0x8d, 0xad, 0x69, 0x69, 0x00, 0x00, 0x00, 0x00, 0x00, 0x00, 0x00, 0x00, 0x00, 0x00, 0x00, 0x00, 0x00, 0x8d, 0xad, 0xd6, 0x00, 0x00, 0x00, 0x00, 0x00, 0x00, 0x00, 0x92, 0x8d, 0x8d, 0x8d, 0x8d, 0x8d, 0xad, 0xd6, 0xd6, 0xd6, 0x00, 0x00, 0x20, 0x40, 0x20, 0x00, 0x00, 0x00, 0x00, 0xff, 0xff, 0xff, 0x00, 0x00, 0xad, 0xad, 0xad, 0xad, 0xad, 0xad, 0xad, 0xad, 0xd6, 0xad, 0x89, 0xad, 0xd6, 0x00, 0x00, 0xad, 0xad, 0xd6, 0x20, 0x20, 0xd6, 0xd6, 0xd6, 0xad, 0xd6, 0xad, 0xad, 0xad, 0xad, 0xad, 0xd6, 0xad, 0xad, 0xad, 0xad, 0xd6, 0xd6, 0xd6, 0xd6, 0xd6, 0xd6, 0xd6, 0xd6, 0x20, 0x40, 0x40, 0x20, 0x00, 0xff,
  0xff, 0x00, 0x00, 0x00, 0x49, 0x69, 0x00, 0x00, 0x00, 0x00, 0x00, 0x49, 0x00, 0x00, 0x00, 0x00, 0x00, 0x8d, 0x8e, 0x00, 0x00, 0x00, 0x00, 0x00, 0x49, 0x69, 0x00, 0x00, 0x00, 0x49, 0x69, 0x00, 0x00, 0x00, 0x00, 0x00, 0x00, 0x00, 0x69, 0x69, 0x69, 0xad, 0xad, 0xad, 0xad, 0xad, 0x00, 0x00, 0x00, 0xad, 0xad, 0xd6, 0xf6, 0x20, 0xff, 0xff, 0x00, 0x00, 0x00, 0x00, 0x00, 0x00, 0x00, 0x00, 0xd6, 0x8d, 0xff, 0xd6, 0xd6, 0xff, 0xd6, 0xff, 0xd6, 0xd6, 0xd6, 0xd6, 0x8d, 0xad, 0x8d, 0xad, 0xad, 0x69, 0xad, 0xff, 0xd6, 0xd6, 0xff, 0xd6, 0xd6, 0xff, 0xd6, 0x00, 0x00, 0x00, 0x00, 0xd6, 0x69, 0x69, 0x00, 0x20, 0xad, 0xad, 0xd6, 0x00, 0x00, 0xff, 0xff, 0xff, 0xff, 0xff, 0x00, 0x69, 0x69, 0x69, 0x69, 0x00, 0x00, 0x8d, 0x00, 0x00, 0x00, 0x00, 0x91, 0xd6, 0xd6, 0xd6, 0xd6, 0xd6, 0xd6, 0xd6, 0xd6, 0xd6, 0xd6, 0xd6, 0xd6, 0xd6, 0xd6, 0xd6, 0xd6, 0xd6, 0xd6, 0xd6, 0xd6, 0xd6, 0xd6, 0xd6, 0xd6, 0xff, 0xd6, 0xd6, 0xd6, 0xd6, 0xad, 0x68, 0x69, 0x69, 0x69, 0x20, 0x00, 0xff, 0xff, 0xff, 0xff, 0xff, 0x00, 0x24, 0x20, 0x20, 0x20, 0x00, 0xad, 0xd6, 0x69, 0x69, 0x00, 0x00, 0x00, 0x00, 0x00, 0x00, 0x00, 0x00, 0x00, 0x00, 0x00, 0x00, 0x00, 0xad, 0x8d, 0x8d, 0x00, 0x00, 0x00, 0x00, 0x00, 0x00, 0x00, 0x8d, 0xae, 0x8e, 0x92, 0x8d, 0xad, 0xad, 0xd6, 0xd6, 0xd6, 0x00, 0x00, 0x20, 0x20, 0x20, 0x00, 0x00, 0x00, 0x00, 0xff, 0xff, 0xff, 0x00, 0x00, 0x8d, 0xd6, 0xad, 0xd6, 0xad, 0xf6, 0xad, 0xd6, 0xad, 0xad, 0x65, 0xad, 0xad, 0x00, 0x00, 0xd6, 0xad, 0x8d, 0x20, 0x20, 0xd6, 0xd6, 0xd6, 0xad, 0xad, 0xf6, 0xad, 0xf6, 0xad, 0xad, 0xad, 0xd6, 0xad, 0xd6, 0xad, 0xd6, 0xd6, 0xd6, 0xd6, 0xd6, 0xd6, 0xd6, 0xd6, 0x40, 0x65, 0x40, 0x69, 0x00, 0xff,
  0xff, 0x00, 0x00, 0x00, 0x69, 0x69, 0x69, 0x69, 0x69, 0x00, 0x00, 0x00, 0x00, 0x00, 0x00, 0x00, 0x00, 0x8d, 0x8d, 0x8e, 0x91, 0x00, 0x00, 0x00, 0x00, 0x00, 0x00, 0x00, 0x00, 0x69, 0x69, 0x00, 0x00, 0xd6, 0x00, 0x00, 0x00, 0x00, 0x00, 0xad, 0xad, 0xad, 0xad, 0xad, 0xad, 0xad, 0x00, 0x00, 0x00, 0x8d, 0xad, 0xad, 0xad, 0xd6, 0xff, 0xff, 0x00, 0x00, 0x00, 0x00, 0x00, 0x00, 0x00, 0x00, 0xd6, 0xd6, 0xff, 0xd6, 0xff, 0xd6, 0xff, 0xd6, 0xff, 0xff, 0xff, 0xd6, 0xff, 0xff, 0xd6, 0xff, 0xd6, 0xff, 0xd6, 0xd6, 0xff, 0xd6, 0xd6, 0xff, 0xd6, 0xd6, 0xd6, 0x00, 0x00, 0x69, 0x69, 0x69, 0xad, 0xad, 0xd6, 0xad, 0xd6, 0xad, 0xad, 0x00, 0x00, 0xff, 0xff, 0xff, 0xff, 0xff, 0x00, 0x8d, 0x69, 0x69, 0x69, 0x00, 0x00, 0x8d, 0x69, 0x69, 0x69, 0x69, 0x00, 0x00, 0x00, 0x8d, 0x8d, 0xd6, 0xd6, 0xd6, 0xd6, 0xd6, 0xd6, 0xd6, 0xd6, 0xd6, 0xff, 0xd6, 0xd6, 0xd6, 0xff, 0xff, 0xff, 0xff, 0xff, 0xff, 0xff, 0xd6, 0xd6, 0xd6, 0xd6, 0xd6, 0x68, 0x69, 0x69, 0x69, 0x69, 0x00, 0x00, 0xff, 0xff, 0xff, 0xff, 0xff, 0x00, 0x20, 0x20, 0x20, 0x40, 0x69, 0xd6, 0xd6, 0xad, 0x69, 0x00, 0x00, 0x00, 0xff, 0xff, 0x69, 0x69, 0x69, 0x00, 0x00, 0x00, 0xd6, 0xd6, 0xff, 0xff, 0xff, 0xad, 0xad, 0x00, 0x00, 0x00, 0x00, 0x00, 0x00, 0x00, 0x00, 0x00, 0x00, 0x00, 0x00, 0x69, 0x69, 0xd6, 0x00, 0x00, 0x00, 0x00, 0x20, 0x00, 0x00, 0xff, 0xff, 0xff, 0xff, 0xff, 0x00, 0x00, 0x8d, 0xd6, 0xd6, 0xd6, 0xd6, 0xd6, 0xad, 0xad, 0x69, 0x69, 0x69, 0xad, 0x8d, 0x00, 0x00, 0x00, 0x8d, 0xad, 0x00, 0x40, 0x40, 0x20, 0xad, 0xd6, 0xad, 0xad, 0xad, 0xad, 0xd6, 0xad, 0xd6, 0xad, 0x68, 0xad, 0xd6, 0xad, 0xad, 0xad, 0xad, 0xad, 0xad, 0xad, 0xad, 0x40, 0x40, 0x40, 0x24, 0x00, 0xff,
  0xff, 0x00, 0x00, 0x00, 0x69, 0x69, 0x69, 0x69, 0x69, 0x00, 0x00, 0x00, 0x00, 0x00, 0x00, 0x00, 0x00, 0x8d, 0xae, 0x8e, 0x91, 0x00, 0x00, 0x00, 0x00, 0x00, 0x00, 0x00, 0x00, 0x69, 0x69, 0x00, 0x00, 0xd6, 0x00, 0x00, 0x00, 0x00, 0x20, 0xad, 0xad, 0xad, 0xad, 0xad, 0xad, 0x8d, 0x00, 0x00, 0x00, 0x91, 0x8d, 0xad, 0x69, 0xd6, 0xff, 0xff, 0x00, 0x00, 0x00, 0x00, 0x00, 0x00, 0x00, 0x00, 0xff, 0xd6, 0xff, 0xff, 0xb6, 0xff, 0xff, 0xd6, 0xff, 0xd6, 0xff, 0xff, 0xd6, 0xff, 0xd6, 0xd6, 0xd6, 0xd6, 0xff, 0xd6, 0xd6, 0xff, 0xd6, 0xd6, 0xff, 0xd6, 0xff, 0x00, 0x00, 0x69, 0x69, 0x69, 0xad, 0xad, 0xad, 0xad, 0xad, 0xd6, 0xad, 0x00, 0x00, 0xff, 0xff, 0xff, 0xff, 0xff, 0x00, 0x8d, 0xad, 0x69, 0x69, 0x00, 0x00, 0x8d, 0x69, 0x69, 0x69, 0x69, 0x00, 0x00, 0x00, 0x92, 0x8d, 0xd6, 0xd6, 0xd6, 0xd6, 0xd6, 0xd6, 0xd6, 0xd6, 0xd6, 0xd6, 0xd6, 0xd6, 0xd6, 0xff, 0xff, 0xff, 0xff, 0xff, 0xff, 0xd6, 0xd6, 0xd6, 0xd6, 0xd6, 0xd6, 0x69, 0x69, 0x69, 0x69, 0x69, 0x20, 0x00, 0xff, 0xff, 0xff, 0xff, 0xff, 0x00, 0x20, 0x20, 0x40, 0x40, 0x69, 0xd6, 0xd6, 0x69, 0x8d, 0x00, 0x00, 0x00, 0xff, 0xd6, 0xae, 0x69, 0x8d, 0x00, 0x00, 0x00, 0xd6, 0xd6, 0xd6, 0xff, 0xd6, 0xad, 0xad, 0x00, 0x00, 0x00, 0x00, 0x00, 0x00, 0x00, 0x00, 0x00, 0x00, 0x00, 0x00, 0x69, 0x69, 0xd6, 0x00, 0x00, 0x00, 0x00, 0x24, 0x00, 0x00, 0xff, 0xff, 0xff, 0xff, 0xff, 0x00, 0x00, 0xb1, 0xd6, 0xd6, 0xd6, 0xd6, 0xd6, 0xad, 0xd6, 0x68, 0x69, 0x89, 0x69, 0xad, 0x00, 0x00, 0x00, 0x69, 0xad, 0x40, 0x40, 0x40, 0x20, 0xad, 0xad, 0xd6, 0xad, 0xd6, 0xad, 0xad, 0xad, 0xad, 0xd6, 0xad, 0xad, 0xad, 0xad, 0xd6, 0xad, 0xad, 0xd6, 0xad, 0xd6, 0xad, 0x40, 0x69, 0x40, 0x69, 0x00, 0xff,
  0xff, 0x00, 0x00, 0x00, 0xad, 0xad, 0xad, 0xad, 0x8d, 0x69, 0x49, 0x69, 0x00, 0x00, 0x00, 0x00, 0x00, 0x00, 0x00, 0x00, 0x00, 0x00, 0x00, 0x00, 0x00, 0x00, 0x00, 0x00, 0x00, 0x69, 0x69, 0x69, 0x69, 0x69, 0x69, 0x8d, 0x69, 0x69, 0xad, 0xd6, 0xd6, 0xd6, 0xd6, 0xad, 0xad, 0xad, 0x00, 0x00, 0x20, 0x00, 0x00, 0xb2, 0xae, 0xd6, 0xff, 0xff, 0xff, 0xff, 0x00, 0x00, 0x00, 0x00, 0x00, 0xd6, 0xd6, 0xff, 0xb6, 0xff, 0xff, 0xb6, 0xff, 0xff, 0xd6, 0xff, 0xd6, 0xb6, 0xff, 0xd6, 0xd6, 0xff, 0xd6, 0xd6, 0xd6, 0xff, 0xd6, 0xd6, 0x20, 0x44, 0x8d, 0xb2, 0x00, 0x00, 0x00, 0x69, 0x69, 0x65, 0x69, 0x69, 0xad, 0xd6, 0xad, 0xad, 0xad, 0x00, 0x00, 0xff, 0xff, 0xff, 0xff, 0xff, 0x00, 0x69, 0xad, 0x68, 0x69, 0x69, 0x69, 0x69, 0x69, 0x69, 0x00, 0x00, 0x00, 0x49, 0x49, 0x00, 0x00, 0x00, 0xd6, 0xd6, 0xd6, 0xd6, 0xd6, 0xd6, 0xd6, 0xd6, 0xd6, 0xd6, 0xff, 0xff, 0xff, 0xff, 0xb6, 0x8d, 0x8d, 0x92, 0x8d, 0x8d, 0xd6, 0xff, 0xd6, 0xd6, 0x69, 0x69, 0x65, 0x69, 0x69, 0x00, 0x00, 0x00, 0x00, 0x00, 0xff, 0xff, 0x00, 0x69, 0x69, 0x40, 0x40, 0x64, 0xd6, 0xd6, 0xad, 0xad, 0x69, 0x00, 0x00, 0x00, 0x00, 0xd6, 0xd6, 0xd6, 0x00, 0x00, 0x24, 0xd6, 0xd6, 0xff, 0xd6, 0xff, 0xad, 0xad, 0xae, 0x8d, 0x00, 0xff, 0xff, 0xb6, 0xd6, 0xd6, 0xd6, 0x69, 0x00, 0x00, 0xd6, 0xd6, 0xd6, 0x00, 0x00, 0x00, 0x00, 0x00, 0x00, 0x00, 0x00, 0x00, 0xff, 0xff, 0xff, 0x00, 0x00, 0xd6, 0xd6, 0xd6, 0xd6, 0xd6, 0xd6, 0x68, 0x69, 0x69, 0xad, 0xad, 0x64, 0x69, 0x20, 0x20, 0x40, 0x40, 0x40, 0x69, 0x69, 0x69, 0x69, 0x69, 0xad, 0xad, 0xad, 0xad, 0xd6, 0xad, 0xd6, 0xad, 0xad, 0x69, 0xd6, 0xd6, 0x68, 0x69, 0xad, 0xd6, 0xad, 0xad, 0xad, 0xd6, 0x40, 0x20, 0x40, 0x20, 0x00, 0xff,
  0xff, 0x00, 0x00, 0x00, 0xad, 0xae, 0x00, 0x00, 0x00, 0x00, 0x00, 0x00, 0x00, 0x00, 0x00, 0x00, 0x00, 0x00, 0x00, 0xd6, 0xd6, 0x00, 0x00, 0x00, 0x00, 0x00, 0x00, 0x69, 0x69, 0x69, 0x69, 0x69, 0x69, 0xd6, 0xd6, 0xd6, 0xd6, 0xd6, 0xd6, 0xd6, 0xd6, 0xd6, 0xd6, 0xd6, 0xad, 0xad, 0x00, 0x00, 0x20, 0x44, 0x20, 0x00, 0x00, 0x00, 0xff, 0xff, 0xff, 0xff, 0x00, 0x00, 0x00, 0x00, 0x00, 0xff, 0xd6, 0xd6, 0xff, 0xd6, 0xff, 0xd6, 0xff, 0xd6, 0xff, 0xd6, 0xff, 0xd6, 0x8d, 0x8d, 0xff, 0xd6, 0xd6, 0xff, 0xd6, 0xd6, 0xff, 0x20, 0x20, 0x20, 0x69, 0x8d, 0x69, 0x00, 0x00, 0x8d, 0xad, 0xad, 0xf6, 0xad, 0xad, 0xad, 0xf6, 0xad, 0xae, 0x00, 0x00, 0xff, 0xff, 0xff, 0xff, 0xff, 0x00, 0x8d, 0x69, 0xad, 0x69, 0x64, 0x69, 0xb1, 0x00, 0x00, 0x69, 0x69, 0x69, 0x00, 0x00, 0x00, 0x00, 0x00, 0x00, 0x00, 0xd6, 0xd6, 0xd6, 0x00, 0x00, 0x00, 0x00, 0xad, 0xad, 0x8d, 0x00, 0x00, 0x00, 0x00, 0x00, 0x00, 0x00, 0x00, 0x00, 0x00, 0xd6, 0xd6, 0x69, 0x69, 0x68, 0x40, 0x40, 0xd6, 0xd6, 0xd6, 0x00, 0x00, 0xff, 0xff, 0x00, 0x69, 0x65, 0xad, 0x65, 0x69, 0xd6, 0xd6, 0xad, 0xad, 0xad, 0x69, 0x69, 0x69, 0x69, 0xae, 0x00, 0x20, 0x20, 0x20, 0x8d, 0x00, 0x00, 0xff, 0xff, 0xd6, 0x69, 0x69, 0xad, 0xae, 0x00, 0x00, 0x00, 0xd6, 0xd6, 0xd6, 0xd6, 0x69, 0x8d, 0x69, 0xff, 0xd6, 0xff, 0xd6, 0xb6, 0x00, 0x00, 0x00, 0xb2, 0xad, 0x69, 0x8d, 0xff, 0xff, 0xff, 0x00, 0x00, 0x69, 0xd6, 0xd6, 0xd6, 0xd6, 0xd6, 0x69, 0x68, 0xad, 0x69, 0xad, 0x89, 0xad, 0x8d, 0xad, 0xad, 0xad, 0xad, 0xad, 0x8d, 0xd6, 0xd6, 0xd6, 0xd6, 0xf6, 0xad, 0xad, 0xad, 0xad, 0xad, 0xd6, 0xad, 0x69, 0x69, 0x69, 0xad, 0xf6, 0xad, 0xad, 0xad, 0xf6, 0xad, 0xad, 0x40, 0x69, 0x20, 0x69, 0x00, 0xff,
  0xff, 0x00, 0x00, 0x00, 0xad, 0x8d, 0x00, 0x00, 0x00, 0x00, 0x00, 0x00, 0x00, 0x00, 0x00, 0x00, 0x00, 0x00, 0x00, 0xd6, 0xd6, 0x00, 0x00, 0x00, 0x00, 0x00, 0x00, 0x69, 0x69, 0x69, 0x69, 0x69, 0x69, 0xad, 0xd6, 0xd6, 0xd6, 0xd6, 0xd6, 0xd6, 0xd6, 0xd6, 0xd6, 0xd6, 0xad, 0xad, 0x00, 0x00, 0x20, 0x20, 0x20, 0x00, 0x00, 0x00, 0xff, 0xff, 0xff, 0xff, 0x00, 0x00, 0x00, 0x00, 0x00, 0xd6, 0xff, 0xd6, 0xff, 0xb6, 0xff, 0xff, 0xd6, 0xff, 0xff, 0xd6, 0xff, 0xd6, 0x8d, 0x69, 0xff, 0xff, 0xd6, 0xd6, 0xff, 0xd6, 0xd6, 0x20, 0x20, 0x20, 0x8d, 0x69, 0x69, 0x00, 0x00, 0xad, 0xd2, 0xad, 0xad, 0xd6, 0xad, 0xd6, 0xad, 0x69, 0x8d, 0x00, 0x00, 0xff, 0xff, 0xff, 0xff, 0xff, 0x00, 0x8d, 0xad, 0x64, 0xad, 0x64, 0x69, 0x8d, 0x00, 0x00, 0x69, 0xad, 0x69, 0x00, 0x00, 0x00, 0x00, 0x00, 0x00, 0x00, 0xd6, 0xd6, 0xd6, 0x00, 0x00, 0x00, 0x00, 0x8d, 0xae, 0x8d, 0x00, 0x00, 0x00, 0x00, 0x00, 0x00, 0x00, 0x00, 0x00, 0x00, 0xd6, 0xd6, 0x69, 0x69, 0x69, 0x00, 0x00, 0xd6, 0xd6, 0xd6, 0x00, 0x00, 0xff, 0xff, 0x00, 0x69, 0x69, 0xad, 0xad, 0x68, 0xd6, 0xd6, 0xad, 0xad, 0xad, 0x69, 0x69, 0x69, 0x69, 0xad, 0x20, 0x20, 0x20, 0x20, 0x69, 0x00, 0x00, 0xb6, 0xff, 0x8d, 0x69, 0x69, 0xad, 0xad, 0x00, 0x00, 0x00, 0xd6, 0xd6, 0xad, 0xd6, 0x69, 0x69, 0xad, 0xff, 0xb6, 0xff, 0xd6, 0xb6, 0x00, 0x00, 0x00, 0x69, 0xad, 0xad, 0x69, 0xff, 0xff, 0xff, 0x00, 0x00, 0x69, 0xd6, 0xd6, 0xd6, 0xd6, 0xd6, 0x69, 0x68, 0x69, 0xad, 0x69, 0xad, 0x64, 0xb2, 0xad, 0xad, 0xad, 0xd6, 0xad, 0xd6, 0xd6, 0xd6, 0xd6, 0xd6, 0xd6, 0xad, 0xad, 0xd6, 0xad, 0xad, 0xad, 0xd6, 0x69, 0x69, 0x69, 0xad, 0xad, 0xd6, 0xad, 0xad, 0xad, 0xf6, 0xad, 0x40, 0x20, 0x20, 0x24, 0x00, 0xff,
  0xff, 0x00, 0x00, 0x00, 0xd6, 0xd6, 0xd6, 0x00, 0x00, 0x00, 0x00, 0xd6, 0xff, 0xff, 0x00, 0x00, 0x00, 0xd6, 0xd6, 0x8d, 0xad, 0x8d, 0x00, 0x00, 0xd6, 0xd6, 0x00, 0x69, 0x69, 0xad, 0xad, 0xad, 0xad, 0xd6, 0xd6, 0xd6, 0xd6, 0xd6, 0xd6, 0xd6, 0xd6, 0xd6, 0xd6, 0xd6, 0xad, 0xad, 0x00, 0x00, 0x20, 0x20, 0x20, 0x20, 0x20, 0x00, 0xff, 0xff, 0xff, 0xff, 0x00, 0x00, 0x00, 0x00, 0x00, 0xd6, 0xd6, 0xd6, 0xff, 0xff, 0xd6, 0xff, 0xd6, 0xff, 0xd6, 0xff, 0xff, 0xd6, 0xad, 0xad, 0xad, 0xad, 0xd6, 0xd6, 0xd6, 0xff, 0xd6, 0xff, 0xd6, 0xd6, 0xff, 0xd6, 0x68, 0x8d, 0xd6, 0xad, 0xad, 0xd6, 0xad, 0xad, 0xad, 0xad, 0xad, 0x00, 0x00, 0xff, 0xff, 0xff, 0xff, 0xff, 0xff, 0xff, 0x00, 0x00, 0x00, 0x69, 0x69, 0x89, 0x64, 0xad, 0x68, 0x69, 0xad, 0xad, 0xd6, 0x00, 0x00, 0x00, 0x00, 0x00, 0xad, 0x68, 0xd6, 0xd6, 0xd6, 0xad, 0x8d, 0x00, 0x00, 0x00, 0x00, 0x00, 0x00, 0x00, 0x00, 0x00, 0x00, 0x8d, 0xad, 0xad, 0x8d, 0xad, 0xd6, 0xd6, 0x69, 0x69, 0x68, 0xd6, 0xd6, 0xad, 0xad, 0x8d, 0x00, 0x00, 0xff, 0xff, 0x00, 0x69, 0x69, 0x69, 0xad, 0x69, 0xad, 0xad, 0xad, 0xad, 0xad, 0xad, 0xad, 0x40, 0x40, 0x20, 0xad, 0x69, 0xad, 0xad, 0xad, 0x00, 0x00, 0xff, 0xb6, 0xd6, 0x20, 0x20, 0x69, 0x69, 0x8d, 0x8d, 0x91, 0xd6, 0xd6, 0xff, 0xd6, 0xff, 0xff, 0xd6, 0xff, 0xff, 0xd6, 0xff, 0xd6, 0x00, 0x00, 0x8d, 0xad, 0x64, 0xad, 0xad, 0xff, 0xff, 0xff, 0x00, 0x00, 0x69, 0xad, 0xad, 0xd6, 0xd6, 0x68, 0x69, 0xad, 0xad, 0xad, 0x69, 0x64, 0x69, 0x69, 0x69, 0x69, 0x65, 0x69, 0x00, 0x00, 0x00, 0x00, 0xd6, 0xd6, 0xd6, 0xd6, 0xd6, 0xad, 0xad, 0xf6, 0xad, 0xad, 0xad, 0xd6, 0xad, 0xd6, 0xad, 0xad, 0xad, 0xad, 0x69, 0x89, 0xad, 0xad, 0xd6, 0xd6, 0xd6, 0xb6, 0xff,
  0xff, 0x00, 0x00, 0x00, 0xd6, 0xd6, 0xd6, 0x00, 0x00, 0x00, 0x00, 0xb6, 0xff, 0xd6, 0x00, 0x00, 0x00, 0xd6, 0xd6, 0xad, 0xd6, 0x8d, 0x00, 0x00, 0xd6, 0xd6, 0x00, 0x69, 0x69, 0xad, 0xad, 0xad, 0xad, 0xd6, 0xd6, 0xd6, 0xd6, 0xd6, 0xd6, 0xd6, 0xd6, 0xd6, 0xd6, 0xd6, 0xad, 0xad, 0x00, 0x00, 0x20, 0x40, 0x20, 0x20, 0x20, 0x00, 0xff, 0xff, 0xff, 0xff, 0x00, 0x00, 0x00, 0x00, 0x00, 0xff, 0xd6, 0xff, 0xb6, 0xff, 0xd6, 0xff, 0xff, 0xd6, 0xff, 0xd6, 0xff, 0xff, 0x69, 0xad, 0xad, 0xad, 0xff, 0xd6, 0xff, 0xd6, 0xd6, 0xd6, 0xff, 0xd6, 0xd6, 0xff, 0x69, 0xad, 0xad, 0xd6, 0xad, 0xad, 0xad, 0xf6, 0xad, 0xd6, 0x8d, 0x00, 0x00, 0xff, 0xff, 0xff, 0xff, 0xff, 0xff, 0xff, 0x00, 0x00, 0x00, 0x69, 0x69, 0x69, 0x69, 0xad, 0x64, 0x69, 0x69, 0xad, 0xd6, 0x00, 0x00, 0x00, 0x00, 0x00, 0xad, 0xad, 0xd6, 0xd6, 0xd6, 0xad, 0xad, 0x20, 0x00, 0x00, 0x00, 0x00, 0x00, 0x00, 0x00, 0x00, 0x00, 0xad, 0xad, 0xad, 0xae, 0xad, 0xd6, 0xd6, 0x69, 0x69, 0x69, 0xd6, 0xd6, 0x68, 0xad, 0x8d, 0x00, 0x00, 0xff, 0xff, 0x00, 0x49, 0x69, 0xae, 0x69, 0x69, 0xad, 0xad, 0xad, 0xad, 0xad, 0xad, 0xad, 0x40, 0x40, 0x40, 0xad, 0xad, 0x65, 0xad, 0x69, 0x00, 0x00, 0xff, 0xff, 0xd6, 0x20, 0x40, 0x68, 0x69, 0xad, 0xd6, 0x8d, 0xd6, 0xd6, 0xff, 0xff, 0xd6, 0xff, 0xff, 0xb6, 0xff, 0xd6, 0xff, 0xff, 0x00, 0x00, 0x69, 0xad, 0xad, 0x69, 0xad, 0xff, 0xff, 0xff, 0x00, 0x00, 0x69, 0xad, 0xd6, 0xd6, 0xd6, 0x69, 0xad, 0x69, 0xad, 0x69, 0xad, 0x69, 0x69, 0x69, 0x69, 0x69, 0x69, 0x69, 0x00, 0x00, 0x00, 0x00, 0xd6, 0xd6, 0xd6, 0xd6, 0xd6, 0xad, 0xad, 0xad, 0xd6, 0xad, 0xad, 0xad, 0xad, 0xad, 0xd6, 0xad, 0xad, 0xad, 0x69, 0x69, 0x64, 0xd6, 0xad, 0xd6, 0xd6, 0xd6, 0xff,
  0xff, 0x00, 0x49, 0x69, 0xd6, 0xd6, 0xd6, 0xd6, 0xd6, 0x8d, 0x91, 0x00, 0xad, 0xb2, 0xd6, 0xd6, 0xd6, 0xd6, 0xd6, 0xd6, 0xd6, 0xd6, 0xd6, 0xd6, 0xd6, 0xd6, 0xd6, 0x69, 0x68, 0xad, 0xad, 0xad, 0xad, 0xad, 0xd6, 0xd6, 0xd6, 0xd6, 0xd6, 0xd6, 0xd6, 0xd6, 0xd6, 0xd6, 0xad, 0x8d, 0x00, 0x00, 0x69, 0x69, 0x69, 0x69, 0x69, 0x24, 0xff, 0xff, 0x00, 0x00, 0x00, 0x00, 0x00, 0x00, 0x00, 0xb6, 0xd6, 0xd6, 0xff, 0xd6, 0xff, 0xb6, 0xff, 0xb6, 0xff, 0xff, 0xd6, 0xff, 0xd6, 0xd6, 0xff, 0xd6, 0xd6, 0xff, 0xd6, 0xd6, 0xff, 0xd6, 0xd6, 0xff, 0xd6, 0xd6, 0xd6, 0xd6, 0xad, 0xad, 0xad, 0xd6, 0xad, 0xad, 0xad, 0xad, 0xd6, 0x00, 0x00, 0xff, 0xff, 0xff, 0xff, 0xff, 0xff, 0xff, 0xff, 0x00, 0x00, 0x49, 0x69, 0x00, 0x00, 0xad, 0xad, 0xad, 0xad, 0x69, 0xad, 0x69, 0x69, 0x69, 0x69, 0x00, 0x00, 0x00, 0xd6, 0xd6, 0xd6, 0xad, 0xad, 0x00, 0x00, 0x00, 0x00, 0x00, 0x00, 0x00, 0x00, 0x49, 0x49, 0x00, 0x20, 0x65, 0xad, 0x69, 0xd6, 0xd6, 0x69, 0xd6, 0xd6, 0xad, 0xad, 0x89, 0xad, 0xad, 0x00, 0x00, 0xff, 0xff, 0x00, 0x24, 0x20, 0x20, 0x24, 0x00, 0xf6, 0xad, 0xad, 0xad, 0xad, 0xad, 0xad, 0xad, 0xad, 0x68, 0xad, 0x69, 0xad, 0x69, 0x8d, 0x00, 0x00, 0xb6, 0xff, 0xd6, 0xd6, 0xd6, 0xad, 0xad, 0x69, 0x69, 0x69, 0xff, 0xd6, 0xff, 0xd6, 0xff, 0xff, 0xb6, 0xff, 0xb6, 0xff, 0xd6, 0xff, 0x69, 0xad, 0x69, 0x68, 0x69, 0x68, 0xad, 0x00, 0x00, 0x00, 0x00, 0x00, 0x20, 0xad, 0xad, 0xd6, 0xd6, 0x69, 0x69, 0xad, 0x69, 0x8d, 0x20, 0xd6, 0xd6, 0xd6, 0xd6, 0xff, 0xff, 0xff, 0xff, 0xff, 0xff, 0xff, 0x69, 0xad, 0xad, 0xd6, 0xd6, 0xad, 0xad, 0xad, 0xad, 0xd6, 0xad, 0xad, 0xad, 0xad, 0xad, 0xad, 0x69, 0x69, 0x40, 0x40, 0xad, 0xd6, 0xd6, 0xad, 0xad, 0x8d, 0xff,
  0xff, 0x00, 0x69, 0x69, 0xd6, 0xd6, 0xd6, 0xd6, 0xd6, 0xd6, 0xd6, 0xff, 0xd6, 0xd6, 0xff, 0xd6, 0xd6, 0xd6, 0xd6, 0xd6, 0xd6, 0xd6, 0xd6, 0xd6, 0xd6, 0xd6, 0xd6, 0xad, 0xad, 0xad, 0xad, 0xad, 0xad, 0xad, 0xd6, 0xd6, 0xd6, 0xd6, 0xd6, 0xd6, 0xd6, 0xad, 0xad, 0xd6, 0x69, 0x69, 0x00, 0x00, 0x69, 0x69, 0x69, 0x69, 0x69, 0x69, 0x00, 0x00, 0x91, 0x69, 0x8d, 0xae, 0x69, 0x00, 0x00, 0x00, 0xff, 0xd6, 0xd6, 0xd6, 0xff, 0xff, 0xd6, 0xff, 0xb6, 0xd6, 0xd6, 0xd6, 0xff, 0xd6, 0xd6, 0xff, 0xd6, 0xd6, 0xff, 0xd6, 0xd6, 0x8d, 0xad, 0xad, 0xad, 0xad, 0xad, 0xad, 0xad, 0xd6, 0xad, 0xad, 0xd6, 0xad, 0xd6, 0xad, 0x8d, 0x00, 0x00, 0xff, 0xff, 0xff, 0xff, 0xff, 0xff, 0xff, 0xff, 0x00, 0x00, 0x49, 0x69, 0x00, 0x00, 0xad, 0xad, 0xad, 0xad, 0xad, 0x69, 0xad, 0x69, 0x69, 0x69, 0x69, 0x00, 0x00, 0xd6, 0xd6, 0xd6, 0xd6, 0xd6, 0x8d, 0x8d, 0x00, 0x49, 0x69, 0x00, 0x00, 0x00, 0xff, 0xff, 0xd6, 0xd6, 0x69, 0xad, 0xad, 0xd6, 0xd6, 0x69, 0xd6, 0xd6, 0xad, 0xad, 0x68, 0x69, 0xd6, 0x00, 0x00, 0xff, 0xff, 0xff, 0x00, 0x00, 0x20, 0x24, 0x00, 0xad, 0xad, 0xad, 0xad, 0xad, 0xad, 0xad, 0xad, 0xad, 0xad, 0x69, 0xad, 0xad, 0xad, 0xd6, 0xff, 0xff, 0xff, 0xff, 0xd6, 0xd6, 0xd6, 0xd6, 0xd6, 0xd6, 0xff, 0xd6, 0xff, 0xff, 0xff, 0xff, 0xd6, 0xff, 0xff, 0xff, 0xff, 0xb6, 0xff, 0xd6, 0xad, 0xad, 0x69, 0x69, 0x68, 0xad, 0x69, 0x00, 0x20, 0x24, 0x00, 0x00, 0x20, 0x69, 0x69, 0xad, 0xad, 0x69, 0x69, 0x69, 0x40, 0x20, 0xd6, 0x00, 0x00, 0x00, 0x00, 0x00, 0x00, 0x00, 0x00, 0x00, 0x92, 0xd6, 0xd6, 0x69, 0x69, 0xad, 0xad, 0xad, 0xad, 0xad, 0xad, 0xad, 0xd6, 0xad, 0xad, 0xad, 0xad, 0x68, 0x40, 0x40, 0x20, 0x40, 0xad, 0xd6, 0xd6, 0x40, 0x40, 0x69, 0xff,
  0xff, 0x00, 0x69, 0x69, 0xd6, 0xd6, 0xd6, 0xd6, 0xd6, 0xff, 0xd6, 0xd6, 0xff, 0xd6, 0xd6, 0xff, 0xd6, 0xff, 0xd6, 0xff, 0xd6, 0xd6, 0xd6, 0xd6, 0xd6, 0xd6, 0xd6, 0xad, 0xad, 0xad, 0xad, 0xad, 0xad, 0xad, 0xd6, 0xd6, 0xd6, 0xd6, 0xd6, 0xd6, 0xd6, 0xad, 0xad, 0xd6, 0x69, 0x69, 0x00, 0x00, 0x69, 0x69, 0x69, 0x65, 0x69, 0x69, 0x00, 0x00, 0xad, 0xad, 0x69, 0xad, 0xae, 0x00, 0x00, 0x00, 0xd6, 0xff, 0xd6, 0xd6, 0xd6, 0xff, 0xd6, 0xd6, 0xff, 0xd6, 0xff, 0xd6, 0xd6, 0xff, 0xd6, 0xd6, 0xff, 0xd6, 0xd6, 0xff, 0xd6, 0xad, 0x69, 0xad, 0x69, 0xad, 0x68, 0xd6, 0xad, 0xad, 0xd6, 0xad, 0xad, 0xad, 0xad, 0xd6, 0x8d, 0x00, 0x00, 0xff, 0xff, 0xff, 0xff, 0xff, 0xff, 0xff, 0xff, 0x00, 0x00, 0x69, 0x49, 0x00, 0x00, 0x8d, 0xad, 0xad, 0xad, 0xad, 0xad, 0x89, 0xad, 0x69, 0x69, 0x69, 0x00, 0x00, 0xd6, 0xd6, 0xd6, 0xd6, 0xd6, 0xad, 0xad, 0x00, 0x69, 0x8d, 0x00, 0x00, 0x00, 0xff, 0xff, 0xd6, 0xd6, 0x69, 0x69, 0x69, 0xd6, 0xd6, 0x8d, 0xd6, 0xd6, 0xad, 0xad, 0x69, 0x69, 0xd6, 0x00, 0x00, 0xff, 0xff, 0xff, 0x00, 0x00, 0x20, 0x20, 0x00, 0xad, 0xf6, 0xad, 0xad, 0xad, 0xad, 0xad, 0xad, 0xad, 0x89, 0xad, 0x69, 0xad, 0xad, 0xd6, 0xd6, 0xff, 0xb6, 0xff, 0xff, 0xd6, 0xd6, 0xd6, 0xd6, 0xd6, 0xff, 0xff, 0xd6, 0xff, 0xd6, 0xff, 0xff, 0xff, 0xd6, 0xff, 0xd6, 0xff, 0xff, 0xff, 0x69, 0xad, 0x69, 0x69, 0x68, 0x69, 0x8d, 0x00, 0x20, 0x24, 0x00, 0x00, 0x20, 0x69, 0x69, 0xad, 0xad, 0x69, 0x69, 0x69, 0x20, 0x20, 0xd6, 0x00, 0x00, 0x00, 0x00, 0x00, 0x00, 0x00, 0x00, 0x00, 0xd6, 0xd6, 0xd6, 0x40, 0x69, 0xad, 0xad, 0xad, 0xad, 0xad, 0xad, 0xd6, 0xad, 0xad, 0xad, 0xad, 0xad, 0xad, 0x40, 0x40, 0x40, 0x40, 0xad, 0xd6, 0xd6, 0x20, 0x40, 0x69, 0xff,
  0xff, 0x8d, 0x69, 0x69, 0xd6, 0xd6, 0xd6, 0xd6, 0xd6, 0xd6, 0xff, 0xd6, 0xd6, 0xff, 0xd6, 0xd6, 0xff, 0xd6, 0xd6, 0xff, 0xd6, 0xff, 0xd6, 0xd6, 0xff, 0xd6, 0xff, 0xd6, 0xd6, 0xad, 0xad, 0xad, 0xad, 0xad, 0xad, 0xad, 0xd6, 0xd6, 0xb1, 0xd6, 0xd6, 0xad, 0xad, 0xd6, 0x68, 0x69, 0x00, 0x00, 0x68, 0x69, 0x69, 0x69, 0x69, 0x69, 0xb2, 0x69, 0xad, 0x64, 0x69, 0x69, 0x69, 0x00, 0x00, 0x00, 0xd6, 0xd6, 0x8d, 0xd6, 0xff, 0xd6, 0xd6, 0xd6, 0xd6, 0xff, 0xd6, 0xff, 0x69, 0x69, 0xd6, 0x8d, 0xff, 0xff, 0xff, 0xd6, 0xff, 0xd6, 0xd6, 0xd6, 0xd6, 0xd6, 0x69, 0x68, 0x64, 0xad, 0xad, 0xad, 0xd6, 0xad, 0xd6, 0xad, 0xad, 0x00, 0x00, 0xff, 0xff, 0xff, 0xff, 0xff, 0xff, 0xff, 0xff, 0xff, 0xff, 0x00, 0x00, 0x00, 0x00, 0xad, 0xad, 0xad, 0xad, 0xad, 0x69, 0xad, 0xad, 0x69, 0xad, 0xad, 0x00, 0x00, 0xd6, 0xd6, 0xd6, 0xd6, 0xd6, 0xd6, 0xd6, 0xd6, 0xad, 0x69, 0xad, 0xad, 0x69, 0x69, 0x20, 0x69, 0x68, 0x69, 0xd6, 0xd6, 0xd6, 0xd6, 0x69, 0xd6, 0xd6, 0xad, 0xad, 0x69, 0x69, 0xd6, 0x00, 0x00, 0xff, 0xff, 0xff, 0x00, 0x00, 0x00, 0x00, 0x00, 0xad, 0xad, 0xad, 0x68, 0xad, 0xad, 0xad, 0xad, 0xad, 0xad, 0x64, 0xad, 0xd6, 0xd6, 0xd6, 0xff, 0xd6, 0xff, 0xff, 0xb6, 0xff, 0xff, 0xd6, 0xff, 0xd6, 0xff, 0xb6, 0xff, 0xff, 0xff, 0xff, 0xb6, 0xff, 0xff, 0xd6, 0xff, 0xd6, 0x8d, 0x69, 0xd6, 0xd6, 0xd6, 0x69, 0x69, 0x00, 0x00, 0x20, 0x20, 0x20, 0x00, 0x00, 0x69, 0x40, 0x40, 0xad, 0xad, 0x68, 0x69, 0x69, 0x40, 0x20, 0xd6, 0x69, 0x69, 0x00, 0x00, 0x00, 0x00, 0x00, 0x00, 0x00, 0x00, 0x00, 0xd6, 0xd6, 0xd6, 0x69, 0x69, 0xad, 0xad, 0xad, 0xad, 0xad, 0xad, 0xad, 0xad, 0xad, 0xad, 0x68, 0x89, 0xad, 0x69, 0xad, 0xad, 0x69, 0x69, 0x40, 0x20, 0x49, 0xff,
  0xff, 0xad, 0x69, 0x69, 0xd6, 0xd6, 0xd6, 0xff, 0xd6, 0xff, 0xd6, 0xff, 0xd6, 0xd6, 0xff, 0xd6, 0xd6, 0xff, 0xd6, 0xd6, 0xff, 0xd6, 0xff, 0xd6, 0xd6, 0xd6, 0xd6, 0xd6, 0xd6, 0xad, 0xad, 0xad, 0xad, 0xad, 0xad, 0xd6, 0xd6, 0xd6, 0xad, 0xff, 0xd6, 0xad, 0xad, 0xd6, 0x69, 0x69, 0x00, 0x00, 0x69, 0x68, 0x69, 0x69, 0x69, 0x69, 0x69, 0xad, 0xad, 0xad, 0x68, 0x69, 0x69, 0x00, 0x00, 0x00, 0xff, 0xd6, 0xd6, 0x8d, 0xff, 0xd6, 0xd6, 0xff, 0xd6, 0xd6, 0xd6, 0xd6, 0x69, 0x69, 0x8d, 0x8d, 0xff, 0xb6, 0xff, 0xff, 0xff, 0xd6, 0xd6, 0xd6, 0xd6, 0xd6, 0x69, 0x69, 0x69, 0xd6, 0xad, 0xf6, 0xad, 0xad, 0xad, 0xad, 0xd6, 0x00, 0x00, 0xff, 0xff, 0xff, 0xff, 0xff, 0xff, 0xff, 0xff, 0xff, 0xff, 0x00, 0x00, 0x00, 0x00, 0xb1, 0xad, 0xad, 0xad, 0xad, 0xad, 0x89, 0xad, 0xad, 0x69, 0xad, 0x00, 0x00, 0xd6, 0xd6, 0xd6, 0xd6, 0xd6, 0xd6, 0xd6, 0xd6, 0xad, 0x69, 0x8d, 0x69, 0x69, 0x69, 0x69, 0x68, 0x68, 0xad, 0xd6, 0xd6, 0xd6, 0xd6, 0x8d, 0xd6, 0xd6, 0xad, 0xad, 0x69, 0x69, 0xd6, 0x00, 0x00, 0xff, 0xff, 0xff, 0x00, 0x00, 0x00, 0x00, 0x00, 0xd6, 0xad, 0xad, 0xad, 0xad, 0xad, 0xad, 0xad, 0xad, 0x89, 0xad, 0x8d, 0xd6, 0xd6, 0xd6, 0xff, 0xd6, 0xff, 0xff, 0xff, 0xd6, 0xff, 0xd6, 0xff, 0xff, 0xb6, 0xff, 0xff, 0xd6, 0xff, 0xff, 0xff, 0xb6, 0xff, 0xff, 0xd6, 0xff, 0x8d, 0x8d, 0xd6, 0xd6, 0xd6, 0x69, 0x69, 0x00, 0x00, 0x20, 0x40, 0x20, 0x00, 0x00, 0x69, 0x20, 0x40, 0xad, 0xf6, 0x69, 0x68, 0x69, 0x40, 0x00, 0xd6, 0x69, 0x69, 0x00, 0x00, 0x00, 0x00, 0x00, 0x00, 0x00, 0x00, 0x00, 0xb6, 0xd6, 0xd6, 0x69, 0x69, 0xad, 0xad, 0xad, 0xad, 0xad, 0xad, 0xad, 0xad, 0xad, 0xad, 0x69, 0x8d, 0x69, 0xad, 0xad, 0xad, 0x69, 0x69, 0x40, 0x00, 0x69, 0xff,
  0xff, 0xad, 0xad, 0xad, 0xd6, 0xd6, 0xd6, 0xd6, 0xd6, 0xd6, 0xd6, 0xd6, 0xff, 0xd6, 0xd6, 0xff, 0xd6, 0xd6, 0xff, 0xd6, 0xd6, 0xd6, 0xd6, 0xff, 0xd6, 0xff, 0xd6, 0xff, 0xd6, 0xad, 0xad, 0xad, 0xad, 0xad, 0xad, 0xad, 0xd6, 0xd6, 0x69, 0x69, 0x69, 0xd6, 0xd6, 0xd6, 0x00, 0x00, 0x20, 0x20, 0x69, 0x69, 0x69, 0x69, 0x69, 0x20, 0xad, 0x69, 0x68, 0x68, 0x69, 0x64, 0x65, 0xad, 0x69, 0x00, 0xd6, 0xff, 0x8d, 0xad, 0xd6, 0xd6, 0xd6, 0xd6, 0xff, 0xd6, 0xff, 0xd6, 0xff, 0xd6, 0xd6, 0xff, 0x00, 0x00, 0x00, 0x00, 0x00, 0x00, 0x69, 0x40, 0x69, 0x69, 0xd6, 0x20, 0x20, 0x20, 0x40, 0x40, 0xad, 0xf6, 0xad, 0xd6, 0x00, 0xff, 0xff, 0xff, 0xff, 0xff, 0xff, 0xff, 0x00, 0x00, 0x00, 0x00, 0x00, 0xff, 0xff, 0x00, 0x00, 0x8d, 0xad, 0xad, 0xad, 0xad, 0xad, 0xad, 0x88, 0xad, 0x68, 0xad, 0xd6, 0xd6, 0xd6, 0xd6, 0xd6, 0xd6, 0xd6, 0xd6, 0xd6, 0xd6, 0xd6, 0xd6, 0xd6, 0xd6, 0xd6, 0xd6, 0xd6, 0xd6, 0xd6, 0xd6, 0xd6, 0xd6, 0xd6, 0xd6, 0x00, 0xd6, 0xd6, 0x68, 0x68, 0x68, 0x8d, 0x00, 0xff, 0xff, 0xff, 0xff, 0xff, 0xff, 0xff, 0xff, 0xff, 0x00, 0xad, 0xad, 0x69, 0x69, 0xd6, 0xad, 0xad, 0xad, 0xad, 0xad, 0xd6, 0xd6, 0x00, 0x00, 0x00, 0xff, 0xd6, 0xff, 0xb6, 0xff, 0xff, 0xd6, 0xff, 0xb6, 0xff, 0xff, 0xd6, 0xff, 0xff, 0xd6, 0xff, 0xff, 0xff, 0xff, 0xd6, 0xff, 0xd6, 0x20, 0x20, 0xd6, 0xd6, 0xd6, 0x69, 0x8d, 0x00, 0x00, 0x20, 0x69, 0x69, 0x00, 0x00, 0x69, 0x20, 0x40, 0xad, 0xad, 0xad, 0xad, 0xad, 0x40, 0x20, 0x00, 0x69, 0x69, 0x00, 0x00, 0x00, 0x00, 0x00, 0x00, 0x00, 0x00, 0x00, 0x00, 0x69, 0x20, 0x69, 0x69, 0xad, 0xad, 0xad, 0xad, 0xad, 0x89, 0xad, 0xad, 0x69, 0x64, 0x69, 0xd6, 0xad, 0xad, 0xad, 0xd6, 0xad, 0xad, 0x69, 0x69, 0x20, 0xff,
  0xff, 0xd6, 0xad, 0xad, 0xd6, 0xd6, 0xd6, 0xd6, 0xff, 0xd6, 0xff, 0xd6, 0xd6, 0xff, 0xd6, 0xd6, 0xff, 0xd6, 0xd6, 0xff, 0xd6, 0xff, 0xd6, 0xd6, 0xff, 0xd6, 0xd6, 0xd6, 0xff, 0xd6, 0xd6, 0xad, 0xad, 0xad, 0xad, 0xad, 0xd6, 0xd6, 0xd6, 0xd6, 0xd6, 0xd6, 0xd6, 0xd6, 0x00, 0x00, 0x69, 0x69, 0x69, 0x69, 0x69, 0x00, 0x00, 0xad, 0xad, 0x65, 0xad, 0x69, 0xad, 0x69, 0xad, 0x65, 0x8d, 0x00, 0xd6, 0xd6, 0xd6, 0xd6, 0xff, 0xd6, 0xff, 0xd6, 0xd6, 0xff, 0xd6, 0xd6, 0xd6, 0xff, 0xd6, 0xd6, 0xd6, 0xff, 0xff, 0xb6, 0xff, 0xff, 0xd6, 0xd6, 0xff, 0xd6, 0x00, 0x00, 0x00, 0x69, 0x69, 0xad, 0xad, 0xad, 0xad, 0x8d, 0x00, 0x00, 0x00, 0xff, 0xff, 0xff, 0xff, 0xff, 0x8d, 0x69, 0xae, 0xae, 0x69, 0x00, 0x00, 0x00, 0x00, 0xad, 0xad, 0xad, 0xad, 0xad, 0xad, 0x68, 0xad, 0xad, 0x64, 0x69, 0xd6, 0xd6, 0xd6, 0xd6, 0xd6, 0xd6, 0xd6, 0xd6, 0xd6, 0xd6, 0xd6, 0xd6, 0xd6, 0xd6, 0xd6, 0xd6, 0xd6, 0xd6, 0xd6, 0xd6, 0xd6, 0xd6, 0xad, 0xad, 0x00, 0x8d, 0x69, 0xd6, 0xd6, 0x00, 0x00, 0xff, 0xff, 0xff, 0xff, 0xff, 0xff, 0xff, 0xff, 0xff, 0xff, 0x00, 0xb1, 0xad, 0x69, 0x69, 0xff, 0x40, 0x68, 0xad, 0xad, 0xad, 0xd6, 0xd6, 0xd6, 0xd6, 0x00, 0xd6, 0xd6, 0x00, 0x00, 0x00, 0xff, 0xd6, 0xff, 0xff, 0xb6, 0xff, 0xd6, 0xff, 0xff, 0xff, 0xb6, 0xff, 0xb6, 0xff, 0xb6, 0xff, 0xd6, 0x00, 0x00, 0x92, 0x69, 0x8d, 0x00, 0x00, 0xff, 0xff, 0x20, 0x69, 0x69, 0x00, 0x00, 0x69, 0x20, 0x20, 0xd6, 0xd6, 0xd2, 0xad, 0x8d, 0x20, 0x24, 0x00, 0x00, 0x00, 0x00, 0x00, 0x00, 0x00, 0x00, 0x00, 0x00, 0x00, 0x00, 0x00, 0x00, 0x00, 0x00, 0x00, 0xad, 0xad, 0xad, 0xad, 0xad, 0xad, 0xad, 0x65, 0x69, 0x69, 0xd6, 0xd6, 0xd6, 0xd6, 0xd6, 0xad, 0xf6, 0xad, 0xad, 0xad, 0x20, 0xff,
  0xff, 0xd6, 0x8d, 0xad, 0xd6, 0xd6, 0xd6, 0xd6, 0xff, 0xd6, 0xd6, 0xff, 0xd6, 0xd6, 0xff, 0xd6, 0xd6, 0xff, 0xd6, 0xd6, 0xff, 0xd6, 0xff, 0xd6, 0xd6, 0xff, 0xd6, 0xff, 0xd6, 0xd6, 0xd6, 0xad, 0xad, 0xad, 0xad, 0xad, 0xd6, 0xd6, 0xd6, 0xd6, 0xd6, 0xd6, 0xd6, 0xd6, 0x00, 0x00, 0x69, 0x69, 0x69, 0x69, 0x69, 0x00, 0x00, 0xad, 0x69, 0xae, 0xad, 0x68, 0xad, 0xad, 0x64, 0xad, 0xad, 0x00, 0xff, 0xd6, 0xff, 0xd6, 0xd6, 0xd6, 0xd6, 0xff, 0xd6, 0xd6, 0xff, 0xd6, 0xff, 0xd6, 0xd6, 0xff, 0xd6, 0xff, 0xd6, 0xff, 0xd6, 0xff, 0xd6, 0xff, 0xd6, 0xd6, 0x00, 0x00, 0x00, 0x69, 0x69, 0xad, 0xd6, 0xad, 0xd6, 0x8d, 0x00, 0x00, 0x00, 0xff, 0xff, 0xff, 0xff, 0xff, 0xad, 0xad, 0x69, 0xad, 0x8d, 0x00, 0x00, 0x00, 0x00, 0xad, 0xad, 0xad, 0xad, 0xad, 0xad, 0xb1, 0x68, 0x8d, 0xad, 0x69, 0xd6, 0xd6, 0xd6, 0xff, 0xd6, 0xd6, 0xd6, 0xd6, 0xd6, 0xd6, 0xd6, 0xd6, 0xd6, 0xd6, 0xd6, 0xd6, 0xd6, 0xd6, 0xd6, 0xd6, 0xd6, 0xd6, 0xad, 0xad, 0x00, 0x8d, 0x8d, 0xd6, 0xb6, 0x00, 0x00, 0xff, 0xff, 0xff, 0xff, 0xff, 0xff, 0xff, 0xff, 0xff, 0xff, 0x00, 0x8d, 0xad, 0x69, 0x69, 0xff, 0x69, 0x69, 0xad, 0xad, 0xad, 0xd6, 0xd6, 0xd6, 0xd6, 0x00, 0xd6, 0xd6, 0x00, 0x00, 0x00, 0xff, 0xff, 0xd6, 0xff, 0xd6, 0xff, 0xff, 0xd6, 0xff, 0xff, 0xff, 0xff, 0xd6, 0xff, 0xff, 0xd6, 0xb6, 0x00, 0x00, 0x8d, 0x69, 0x92, 0x00, 0x00, 0xff, 0xff, 0x20, 0x69, 0x69, 0x00, 0x00, 0x69, 0x44, 0x40, 0xd6, 0xd6, 0xf6, 0xad, 0xad, 0x40, 0x20, 0x00, 0x00, 0x00, 0x00, 0x00, 0x00, 0x00, 0x00, 0x00, 0x00, 0x00, 0x00, 0x00, 0x00, 0x00, 0x00, 0x00, 0xad, 0xad, 0xad, 0xad, 0xad, 0xad, 0x69, 0xad, 0x69, 0x69, 0xd6, 0xd6, 0xd6, 0xd6, 0xd6, 0xad, 0xad, 0xf6, 0xad, 0xae, 0x44, 0xff,
  0xff, 0xd6, 0xd6, 0xd6, 0x00, 0x00, 0xd6, 0xd6, 0xd6, 0xff, 0xd6, 0xd6, 0xff, 0xd6, 0xd6, 0xff, 0xd6, 0xd6, 0xff, 0xd6, 0xd6, 0xd6, 0xd6, 0xff, 0xd6, 0xd6, 0xff, 0xd6, 0xd6, 0xd6, 0xd6, 0xad, 0xad, 0xad, 0xad, 0xad, 0xad, 0xad, 0xd6, 0xd6, 0xd6, 0xd6, 0xd6, 0x8d, 0x00, 0x00, 0x69, 0x69, 0x69, 0x00, 0x00, 0xd6, 0xd6, 0xd6, 0x00, 0x00, 0xad, 0xad, 0x69, 0x64, 0x69, 0x69, 0xad, 0x69, 0xd6, 0xff, 0xd6, 0xff, 0xd6, 0xff, 0xd6, 0xd6, 0xff, 0xd6, 0xd6, 0xff, 0xb6, 0xd6, 0xff, 0xd6, 0xd6, 0xff, 0xd6, 0x8d, 0xad, 0x69, 0xad, 0x69, 0xad, 0xad, 0xad, 0xad, 0xad, 0xad, 0xd6, 0xad, 0xad, 0xad, 0xad, 0xd6, 0x00, 0x00, 0x00, 0xff, 0xff, 0xff, 0xff, 0xff, 0x69, 0xad, 0x69, 0xad, 0x69, 0x69, 0x69, 0x00, 0x00, 0xad, 0xad, 0xad, 0xad, 0xad, 0xad, 0x68, 0xad, 0x68, 0xad, 0x00, 0xff, 0xff, 0xd6, 0xd6, 0xd6, 0xd6, 0xd6, 0xd6, 0xd6, 0xd6, 0xd6, 0xd6, 0xd6, 0xff, 0xd6, 0xd6, 0xff, 0xd6, 0xd6, 0xd6, 0xd6, 0xd6, 0x00, 0x00, 0x00, 0x00, 0x00, 0x00, 0x00, 0x00, 0x00, 0x00, 0x00, 0x00, 0xff, 0xff, 0xff, 0xff, 0xff, 0xff, 0xff, 0x00, 0x8d, 0xad, 0x20, 0x00, 0x40, 0xad, 0xad, 0xad, 0xad, 0xad, 0xd6, 0xd6, 0xd6, 0xd6, 0xd6, 0xd6, 0xd6, 0xd6, 0xd6, 0xff, 0xd6, 0xff, 0xd6, 0xff, 0xff, 0xd6, 0xff, 0xff, 0xb6, 0xff, 0xd6, 0xff, 0xff, 0xd6, 0xff, 0xff, 0x00, 0x00, 0x00, 0x00, 0x00, 0x00, 0xff, 0xff, 0xff, 0xff, 0x20, 0x20, 0x20, 0x00, 0x00, 0x8d, 0x20, 0x40, 0xd6, 0xd6, 0xd6, 0xad, 0xad, 0x40, 0x20, 0x00, 0x20, 0x20, 0x20, 0x20, 0x00, 0x00, 0x00, 0x00, 0x00, 0x24, 0x20, 0x20, 0x20, 0x20, 0x00, 0x00, 0xad, 0xad, 0xad, 0xad, 0xad, 0xad, 0xad, 0x69, 0xad, 0x69, 0xd6, 0xd6, 0xd6, 0xad, 0xd6, 0xad, 0x68, 0x65, 0x69, 0x69, 0x8d, 0xff,
  0xff, 0xd6, 0xd6, 0xd6, 0x00, 0x00, 0xd6, 0xff, 0xd6, 0xd6, 0xff, 0xd6, 0xd6, 0xff, 0xd6, 0xd6, 0xff, 0xd6, 0xd6, 0xff, 0xd6, 0xff, 0xd6, 0xd6, 0xff, 0xd6, 0xd6, 0xff, 0xd6, 0xff, 0xd6, 0xad, 0xad, 0xd6, 0xad, 0xad, 0xf6, 0xad, 0xd6, 0xd6, 0xd6, 0xd6, 0xd6, 0x8d, 0x00, 0x00, 0x69, 0x69, 0x69, 0x00, 0x00, 0xd6, 0xad, 0xd6, 0x00, 0x00, 0x69, 0xad, 0x69, 0x69, 0x69, 0xad, 0x69, 0x8d, 0xd6, 0xd6, 0xd6, 0xd6, 0xff, 0xd6, 0xff, 0xd6, 0xd6, 0xff, 0xd6, 0xd6, 0xff, 0xd6, 0xd6, 0xff, 0xd6, 0xd6, 0xff, 0x69, 0xad, 0xad, 0x64, 0xad, 0x69, 0xad, 0x68, 0xd6, 0xad, 0xd6, 0xad, 0xad, 0xd6, 0xad, 0xd6, 0xad, 0x00, 0x00, 0x00, 0xff, 0xff, 0xff, 0xff, 0xff, 0xad, 0x69, 0xad, 0xad, 0xad, 0x69, 0x69, 0x00, 0x00, 0x69, 0xad, 0xad, 0xad, 0xad, 0xad, 0xad, 0x68, 0xb1, 0x69, 0x00, 0xd6, 0xff, 0xd6, 0xff, 0xd6, 0xd6, 0xd6, 0xd6, 0xd6, 0xd6, 0xd6, 0xd6, 0xd6, 0xd6, 0xd6, 0xd6, 0xd6, 0xd6, 0xff, 0xd6, 0xd6, 0xd6, 0x00, 0x00, 0x00, 0x00, 0x00, 0x00, 0x00, 0x00, 0x00, 0x00, 0x00, 0x00, 0xff, 0xff, 0xff, 0xff, 0xff, 0xff, 0xff, 0x00, 0xad, 0xad, 0x20, 0x20, 0x40, 0xad, 0xad, 0xad, 0xad, 0xad, 0xd6, 0xd6, 0xd6, 0xd6, 0xd6, 0xd6, 0xd6, 0xd6, 0xd6, 0xd6, 0xff, 0xd6, 0xff, 0xd6, 0xff, 0xd6, 0xff, 0xff, 0xff, 0xff, 0xff, 0xd6, 0xff, 0xd6, 0xff, 0xd6, 0x00, 0x00, 0x00, 0x00, 0x00, 0x00, 0xff, 0xff, 0xff, 0xff, 0x24, 0x20, 0x20, 0x00, 0x00, 0x8d, 0x40, 0x20, 0xd6, 0xd6, 0xd6, 0xad, 0xad, 0x20, 0x20, 0x00, 0x20, 0x40, 0x40, 0x40, 0x00, 0x00, 0x00, 0x00, 0x00, 0x20, 0x20, 0x40, 0x20, 0x24, 0x00, 0x00, 0xad, 0xad, 0xad, 0xad, 0xad, 0xad, 0x69, 0xad, 0x69, 0xad, 0xd6, 0xd6, 0xd6, 0xad, 0xad, 0xd6, 0x69, 0x69, 0x69, 0x69, 0x92, 0xff,
  0xff, 0x8d, 0xd6, 0xd6, 0x69, 0x69, 0x00, 0xd6, 0xff, 0xd6, 0xd6, 0xff, 0xd6, 0xd6, 0xff, 0xd6, 0xd6, 0xff, 0xd6, 0xd6, 0xff, 0xd6, 0xff, 0xd6, 0xd6, 0xff, 0xd6, 0xd6, 0xd6, 0xff, 0xd6, 0xad, 0xad, 0x68, 0xad, 0xad, 0xad, 0xad, 0xd6, 0xd6, 0xd6, 0xd6, 0xd6, 0x69, 0x00, 0x00, 0x69, 0x69, 0x69, 0x00, 0x00, 0xff, 0xff, 0x69, 0x00, 0x00, 0x8d, 0x69, 0x69, 0x69, 0x69, 0x69, 0x8d, 0x00, 0xff, 0xd6, 0xff, 0xd6, 0xd6, 0xd6, 0xd6, 0xff, 0xd6, 0xd6, 0xff, 0xd6, 0xd6, 0xff, 0xd6, 0xd6, 0xff, 0xd6, 0xd6, 0xd6, 0xd6, 0xd6, 0xd6, 0xad, 0xd6, 0xad, 0xad, 0xad, 0xd6, 0xad, 0xad, 0xad, 0xd6, 0xad, 0x69, 0x8d, 0x00, 0x00, 0x00, 0xff, 0xff, 0xff, 0xff, 0xff, 0x69, 0xad, 0x68, 0xad, 0x68, 0x69, 0x69, 0x00, 0x00, 0x91, 0xad, 0xad, 0xad, 0xad, 0xad, 0x89, 0xad, 0x20, 0x00, 0x00, 0xff, 0xff, 0xd6, 0xd6, 0xd6, 0xd6, 0xd6, 0xd6, 0xd6, 0xd6, 0xd6, 0xd6, 0xd6, 0xd6, 0xff, 0xd6, 0xd6, 0xd6, 0xd6, 0xd6, 0xd6, 0xd6, 0x00, 0x00, 0x00, 0x20, 0x20, 0x20, 0x20, 0x24, 0x20, 0x40, 0xa9, 0xa9, 0xff, 0xff, 0xff, 0xff, 0xff, 0xff, 0xff, 0x00, 0xad, 0xad, 0xad, 0xad, 0xad, 0xad, 0xad, 0xad, 0xad, 0xad, 0xd6, 0xd6, 0xd6, 0xd6, 0xd6, 0xd6, 0xd6, 0xff, 0xd6, 0xff, 0xff, 0xb6, 0xff, 0xff, 0xb6, 0xff, 0xb6, 0xff, 0xd6, 0xff, 0xff, 0xd6, 0xd6, 0xff, 0xd6, 0xd6, 0x00, 0x00, 0x00, 0xff, 0xff, 0xff, 0xff, 0xff, 0xff, 0xff, 0x24, 0x00, 0x00, 0x00, 0x00, 0x8d, 0x69, 0x69, 0xd6, 0xd6, 0xd6, 0xad, 0xad, 0x69, 0x69, 0x20, 0x20, 0x40, 0x40, 0x40, 0x20, 0x20, 0x20, 0x20, 0x24, 0x20, 0x20, 0x20, 0x20, 0x20, 0x00, 0x00, 0xad, 0xad, 0xad, 0xad, 0x64, 0xad, 0x68, 0x69, 0xd6, 0xad, 0xad, 0xad, 0xd6, 0xad, 0xad, 0x00, 0x8d, 0x8d, 0x8d, 0x91, 0x00, 0xff,
  0xff, 0x91, 0xad, 0xad, 0x69, 0x65, 0x00, 0x00, 0x00, 0xd6, 0xff, 0xd6, 0xff, 0xd6, 0xd6, 0xff, 0xd6, 0xd6, 0xff, 0xd6, 0xd6, 0xd6, 0xd6, 0xff, 0xd6, 0xd6, 0xd6, 0xad, 0xad, 0x8d, 0xad, 0x69, 0x69, 0x69, 0xad, 0xad, 0xad, 0xad, 0xd6, 0xd6, 0xd6, 0xad, 0x8d, 0x00, 0x20, 0x20, 0x69, 0x69, 0x00, 0x00, 0x00, 0xff, 0xd6, 0x8d, 0xff, 0xff, 0x00, 0x00, 0x8d, 0x69, 0xad, 0x00, 0x00, 0x00, 0x8d, 0x8d, 0xd6, 0xff, 0xd6, 0xff, 0xd6, 0xd6, 0xff, 0xd6, 0xd6, 0xff, 0xd6, 0xd6, 0xff, 0xd6, 0xd6, 0xff, 0xd6, 0xff, 0xd6, 0xff, 0xd6, 0xd6, 0xd6, 0xff, 0xd6, 0xd6, 0xad, 0xad, 0xd6, 0xad, 0xad, 0xd6, 0x00, 0x00, 0x20, 0x00, 0x00, 0xff, 0xff, 0xff, 0xff, 0xff, 0x69, 0x69, 0x69, 0x68, 0x68, 0xd6, 0xd6, 0xd6, 0xb6, 0x00, 0xad, 0xad, 0xad, 0xad, 0xad, 0xad, 0xad, 0xad, 0x8e, 0x00, 0x8d, 0x69, 0x69, 0x69, 0xd6, 0xd6, 0xd6, 0xd6, 0xd6, 0xd6, 0xd6, 0xd6, 0xd6, 0xd6, 0xd6, 0xd6, 0xd6, 0xd6, 0xd6, 0xd6, 0xad, 0x8d, 0x00, 0x00, 0x00, 0x20, 0x20, 0x20, 0x20, 0x20, 0x40, 0x84, 0xc5, 0xc9, 0xff, 0xff, 0xff, 0xff, 0xff, 0x00, 0x00, 0x00, 0x8d, 0x69, 0xad, 0xad, 0xad, 0xad, 0xad, 0xad, 0xad, 0x69, 0x68, 0x69, 0x69, 0x69, 0x68, 0x69, 0x69, 0xad, 0x8d, 0xd6, 0xff, 0xff, 0xd6, 0xff, 0xb6, 0xff, 0xff, 0xb6, 0xff, 0xd6, 0xd6, 0xff, 0xd6, 0xd6, 0x8d, 0x8d, 0x00, 0x00, 0x00, 0xff, 0xff, 0xff, 0xff, 0xff, 0xff, 0xff, 0x00, 0x00, 0x00, 0x00, 0x00, 0x8d, 0x69, 0x69, 0xd6, 0xd6, 0xd6, 0xad, 0xad, 0x69, 0x69, 0x20, 0x69, 0x65, 0x40, 0xa9, 0x40, 0x40, 0x20, 0x20, 0x20, 0x20, 0x20, 0x20, 0x24, 0x24, 0x00, 0x00, 0xad, 0xad, 0xad, 0xad, 0xad, 0x68, 0x69, 0x69, 0xad, 0xd6, 0xad, 0xd6, 0xad, 0xad, 0xd6, 0x00, 0x00, 0x00, 0x00, 0x00, 0xff, 0xff,
  0xff, 0x8d, 0x8d, 0xad, 0x69, 0x69, 0x00, 0x00, 0x00, 0xd6, 0xd6, 0xd6, 0xd6, 0xff, 0xb6, 0xd6, 0xff, 0xd6, 0xd6, 0xff, 0xd6, 0xff, 0xd6, 0xd6, 0xff, 0xd6, 0xd6, 0x8d, 0x69, 0xad, 0x69, 0x64, 0x69, 0x69, 0xad, 0xad, 0xad, 0xad, 0xd2, 0xf6, 0xd6, 0xad, 0x8d, 0x00, 0x20, 0x20, 0x69, 0x69, 0x00, 0x00, 0x00, 0xff, 0xff, 0x68, 0xff, 0xff, 0x00, 0x00, 0x8e, 0x69, 0x8d, 0x00, 0x00, 0x00, 0x8d, 0xd6, 0xd6, 0xd6, 0xff, 0xd6, 0xff, 0xd6, 0xd6, 0xff, 0xd6, 0xd6, 0xff, 0xd6, 0xd6, 0xff, 0xd6, 0xd6, 0xff, 0xd6, 0xd6, 0xff, 0xd6, 0xff, 0xd6, 0xd6, 0xff, 0xad, 0xad, 0xad, 0xad, 0xd6, 0xad, 0xad, 0x00, 0x00, 0x24, 0x00, 0x00, 0xff, 0xff, 0xff, 0xff, 0xff, 0x69, 0x69, 0x68, 0x69, 0x69, 0xd6, 0x8d, 0xd6, 0xb6, 0x00, 0xad, 0xad, 0xad, 0xad, 0xad, 0xad, 0xad, 0x69, 0x8d, 0x20, 0xad, 0xad, 0x64, 0x69, 0xd6, 0xd6, 0xd6, 0xd6, 0xd6, 0xd6, 0xd6, 0xd6, 0xd6, 0xd6, 0xd6, 0xd6, 0xd6, 0xd6, 0xd6, 0xd6, 0x8d, 0x8d, 0x00, 0x00, 0x00, 0x20, 0x20, 0x40, 0x40, 0x40, 0x60, 0xa9, 0xc9, 0xc9, 0xff, 0xff, 0xff, 0xff, 0xff, 0x00, 0x00, 0x00, 0x92, 0x69, 0xad, 0xad, 0xad, 0xad, 0xad, 0xad, 0xad, 0x69, 0x69, 0x69, 0x64, 0x69, 0x69, 0x69, 0x69, 0x8d, 0xad, 0xff, 0xd6, 0xff, 0xd6, 0xff, 0xff, 0xb6, 0xff, 0xff, 0xd6, 0xff, 0xd6, 0xd6, 0xff, 0xd6, 0xad, 0x69, 0x00, 0x00, 0x00, 0xff, 0xff, 0xff, 0xff, 0xff, 0xff, 0xff, 0x00, 0x00, 0x00, 0x00, 0x00, 0xad, 0x69, 0x68, 0xd6, 0xd6, 0xd6, 0xad, 0xad, 0x69, 0x69, 0x40, 0x40, 0xa9, 0x60, 0xa9, 0x60, 0x40, 0x20, 0x40, 0x40, 0x20, 0x20, 0x20, 0x20, 0x20, 0x00, 0x00, 0xad, 0xad, 0xad, 0xad, 0xad, 0x69, 0x64, 0x69, 0xad, 0xad, 0xad, 0xad, 0xad, 0xd6, 0x8d, 0x00, 0x00, 0x00, 0x00, 0x00, 0xff, 0xff,
  0xff, 0x00, 0x00, 0x20, 0x20, 0x20, 0x20, 0x00, 0x00, 0xd6, 0xd6, 0xff, 0xd6, 0xd6, 0xff, 0xd6, 0xd6, 0xff, 0xd6, 0xd6, 0xff, 0xd6, 0xff, 0xd6, 0xd6, 0xff, 0xd6, 0xd6, 0xff, 0xd6, 0xd6, 0xad, 0x69, 0xad, 0xad, 0xad, 0xad, 0xad, 0xad, 0xad, 0xad, 0xad, 0xb1, 0x00, 0x69, 0x69, 0x69, 0x69, 0x00, 0xd6, 0xd6, 0xff, 0xf2, 0x89, 0xff, 0xff, 0x00, 0x00, 0x00, 0x00, 0x00, 0x20, 0x20, 0x20, 0x00, 0x00, 0xff, 0xd6, 0xd6, 0xd6, 0xd6, 0xff, 0xd6, 0xd6, 0xff, 0xd6, 0xb6, 0xff, 0xd6, 0xd6, 0xff, 0xd6, 0xd6, 0xff, 0xd6, 0xd6, 0xd6, 0xff, 0xd6, 0xff, 0xd6, 0xad, 0xf6, 0xad, 0xad, 0xad, 0xd6, 0xad, 0x00, 0x00, 0x24, 0x00, 0x00, 0xff, 0xff, 0xff, 0xff, 0xff, 0x69, 0x69, 0x68, 0xd2, 0xd6, 0xd2, 0xd6, 0x00, 0x00, 0x00, 0xad, 0x69, 0xad, 0xad, 0xad, 0xad, 0xad, 0xad, 0xad, 0xad, 0xad, 0xad, 0xad, 0xad, 0xd6, 0xd6, 0xd6, 0xd6, 0xd6, 0xd6, 0xd6, 0xd6, 0xd6, 0xd6, 0xf6, 0xd6, 0xd6, 0xd6, 0xd6, 0xd6, 0x00, 0x00, 0x69, 0x69, 0x00, 0x20, 0x20, 0x20, 0x20, 0x40, 0x60, 0xc9, 0xc4, 0xc9, 0xff, 0xff, 0x00, 0x00, 0x00, 0x00, 0x00, 0x00, 0x00, 0x00, 0xad, 0xad, 0xad, 0xad, 0xad, 0x20, 0x20, 0xd6, 0xd6, 0xad, 0xd6, 0xd6, 0xd6, 0x00, 0x40, 0x40, 0x20, 0x69, 0xad, 0x8d, 0xff, 0xd6, 0xff, 0xd6, 0xff, 0xb6, 0xff, 0xd6, 0xd6, 0xff, 0xd6, 0xd6, 0x20, 0x00, 0x00, 0x00, 0x00, 0xff, 0xff, 0xff, 0xff, 0xff, 0xff, 0xff, 0xff, 0xff, 0xff, 0x00, 0x00, 0x8d, 0x69, 0x69, 0xd6, 0xd6, 0xd6, 0x68, 0x69, 0x64, 0x69, 0x69, 0xa9, 0x60, 0xa9, 0x60, 0xa9, 0x40, 0x40, 0x40, 0x40, 0x40, 0x40, 0x40, 0x00, 0x00, 0x8d, 0x8d, 0xd6, 0xad, 0xad, 0xad, 0xad, 0x68, 0x89, 0x64, 0xad, 0xd6, 0xad, 0xd6, 0xad, 0x00, 0x00, 0x00, 0xff, 0xff, 0xff, 0xff, 0xff, 0xff,
  0xff, 0x00, 0x00, 0x00, 0x20, 0x24, 0x24, 0x00, 0x00, 0xd6, 0xd6, 0xd6, 0xff, 0xd6, 0xd6, 0xff, 0xd6, 0xd6, 0xff, 0xd6, 0xd6, 0xd6, 0xd6, 0xff, 0xd6, 0xd6, 0xff, 0xd6, 0xd6, 0xd6, 0xd6, 0xad, 0x69, 0xad, 0xad, 0xad, 0xad, 0xad, 0xad, 0xad, 0x69, 0xad, 0x8d, 0x00, 0x69, 0x69, 0x69, 0x69, 0x00, 0xd6, 0x8d, 0xff, 0xfb, 0xa9, 0xff, 0xff, 0x00, 0x00, 0x00, 0x00, 0x00, 0x20, 0x20, 0x20, 0x00, 0x00, 0xd6, 0xff, 0xd6, 0xff, 0xd6, 0xd6, 0xff, 0xd6, 0xd6, 0xff, 0xd6, 0xd6, 0xff, 0xd6, 0xd6, 0xff, 0xd6, 0xd6, 0xff, 0xd6, 0xff, 0xd6, 0xd6, 0xd6, 0xd6, 0xd2, 0xad, 0xad, 0xd6, 0xad, 0xad, 0xad, 0x00, 0x00, 0x24, 0x00, 0x00, 0xff, 0xff, 0xff, 0xff, 0xff, 0x69, 0x69, 0x84, 0xcd, 0xf2, 0xcd, 0xd6, 0x20, 0x00, 0x00, 0xad, 0x68, 0xad, 0xad, 0xad, 0xad, 0xad, 0xad, 0xad, 0xad, 0xad, 0xad, 0xad, 0xad, 0xd6, 0xd6, 0xd6, 0xd6, 0xd6, 0xd6, 0xd6, 0xd6, 0xd6, 0xd6, 0xd6, 0xd6, 0xd6, 0xd6, 0xd6, 0xd6, 0x00, 0x00, 0x69, 0x69, 0x00, 0x20, 0x24, 0x20, 0x44, 0x40, 0x40, 0xc9, 0xc4, 0xc9, 0xff, 0xff, 0x00, 0x00, 0x00, 0x00, 0x00, 0x00, 0x00, 0x00, 0xad, 0xad, 0xad, 0xad, 0xad, 0x40, 0x20, 0xd6, 0xd6, 0xd6, 0xd6, 0xd6, 0xb6, 0x00, 0x20, 0x40, 0x20, 0x69, 0xad, 0xae, 0xd6, 0xff, 0xff, 0xd6, 0xff, 0xff, 0xb6, 0xff, 0xd6, 0xd2, 0xff, 0xd6, 0x00, 0x00, 0x00, 0x00, 0x00, 0xff, 0xff, 0xff, 0xff, 0xff, 0xff, 0xff, 0xff, 0xff, 0xff, 0x00, 0x00, 0xad, 0x64, 0x89, 0xd6, 0xd6, 0xd6, 0x69, 0x69, 0x69, 0x68, 0x40, 0x84, 0x60, 0xa9, 0x60, 0x85, 0x40, 0xa9, 0x60, 0xa9, 0x40, 0xa9, 0x40, 0x20, 0x00, 0xad, 0xad, 0xd6, 0xad, 0xad, 0xad, 0xad, 0x68, 0x64, 0x69, 0xad, 0xad, 0xad, 0x8d, 0xd6, 0x00, 0x00, 0x00, 0xff, 0xff, 0xff, 0xff, 0xff, 0xff,
  0xff, 0xd6, 0xd6, 0xd6, 0x00, 0x00, 0x20, 0x24, 0x24, 0x00, 0x00, 0xd6, 0xd6, 0xff, 0xd6, 0xd6, 0xff, 0xd6, 0xd6, 0xff, 0xd6, 0xff, 0xd6, 0xd6, 0xff, 0xd6, 0xd6, 0xff, 0xd6, 0xd6, 0xd6, 0xad, 0x69, 0xad, 0x69, 0x69, 0x69, 0x40, 0xad, 0xad, 0xad, 0x69, 0x69, 0x00, 0x69, 0x69, 0x69, 0x49, 0x00, 0xff, 0xff, 0xa9, 0xc9, 0xa9, 0xff, 0xff, 0xff, 0xff, 0x00, 0x00, 0x00, 0x24, 0x20, 0x20, 0x00, 0x00, 0xd6, 0xb6, 0xff, 0xd6, 0xff, 0xd6, 0xd6, 0xff, 0xd6, 0xd6, 0xff, 0xd6, 0xd6, 0xff, 0xd6, 0xd6, 0xff, 0xd6, 0xd6, 0xd6, 0xd6, 0xff, 0xd6, 0xff, 0xd6, 0xad, 0xd6, 0xad, 0xad, 0xd6, 0xad, 0xd6, 0x00, 0x00, 0x20, 0x00, 0x00, 0xff, 0xff, 0xff, 0xff, 0xff, 0x49, 0x69, 0xf2, 0xa9, 0xa9, 0xa9, 0xa9, 0xff, 0xff, 0xa9, 0x20, 0x20, 0xad, 0xad, 0xad, 0xad, 0xad, 0xad, 0xad, 0xad, 0xad, 0xad, 0xad, 0xad, 0xd6, 0xd6, 0xd6, 0xd6, 0xd6, 0xd6, 0xd6, 0xd6, 0xd6, 0xd6, 0xd6, 0xd6, 0xd6, 0xd6, 0xd6, 0x92, 0x00, 0x00, 0xad, 0x69, 0x00, 0x00, 0x00, 0x20, 0x40, 0x40, 0x60, 0xed, 0xe9, 0xc8, 0x20, 0x00, 0x00, 0xd6, 0xd6, 0xd6, 0xd6, 0x00, 0x00, 0x00, 0xad, 0x69, 0xad, 0xad, 0xad, 0x69, 0xad, 0x00, 0xd6, 0xd6, 0xff, 0xd6, 0xff, 0xff, 0xff, 0xd6, 0xff, 0xd6, 0x20, 0x20, 0xd6, 0xd6, 0xd6, 0xff, 0xb6, 0xff, 0xd6, 0xff, 0xd6, 0xd6, 0x24, 0x00, 0x69, 0x69, 0x00, 0x00, 0x00, 0xff, 0xff, 0xff, 0xff, 0xff, 0xff, 0xff, 0xff, 0xff, 0xff, 0x00, 0x00, 0xad, 0xad, 0xad, 0xad, 0xad, 0xad, 0x69, 0x69, 0x69, 0x69, 0x64, 0xa9, 0x60, 0xa9, 0x60, 0xa9, 0x60, 0xa9, 0x60, 0xa9, 0x60, 0x60, 0x40, 0xad, 0xad, 0xd6, 0xd6, 0xd6, 0xad, 0xad, 0xad, 0xad, 0x69, 0xad, 0xad, 0xd6, 0xad, 0xd6, 0xad, 0x92, 0x00, 0x00, 0x00, 0xff, 0xff, 0xff, 0xff, 0xff, 0xff,
  0xff, 0x69, 0xad, 0xd6, 0x00, 0x00, 0x20, 0x20, 0x20, 0x40, 0x24, 0x00, 0xd6, 0xd6, 0xd6, 0xff, 0xd6, 0xd6, 0xff, 0xd6, 0xd6, 0xd6, 0xff, 0xd6, 0xd6, 0xff, 0xd6, 0xd6, 0xd6, 0x69, 0x68, 0x40, 0x40, 0x40, 0x20, 0x00, 0xad, 0xad, 0xad, 0xad, 0x69, 0x00, 0x00, 0x20, 0x40, 0x20, 0x00, 0x00, 0xff, 0xd6, 0xff, 0xa9, 0xc5, 0xc9, 0xff, 0xff, 0xff, 0xff, 0x00, 0x00, 0x00, 0x69, 0x69, 0x40, 0x00, 0x00, 0x00, 0x00, 0x00, 0x00, 0x00, 0x00, 0x00, 0x00, 0x24, 0x8d, 0xad, 0xd6, 0xad, 0xad, 0xd6, 0xad, 0x8d, 0xff, 0xd6, 0xff, 0xd6, 0xd6, 0xd6, 0xff, 0xd6, 0xd6, 0xad, 0xad, 0xf6, 0xad, 0xad, 0x8d, 0x00, 0x00, 0x00, 0xff, 0xff, 0xff, 0xff, 0xff, 0xff, 0xff, 0xff, 0xd6, 0xc9, 0xc9, 0xa9, 0xff, 0xff, 0xa9, 0xc9, 0xc9, 0xc5, 0xa9, 0x20, 0x00, 0xad, 0xad, 0xad, 0x89, 0x68, 0x69, 0xad, 0xad, 0xad, 0xad, 0xad, 0xd6, 0xd6, 0xd6, 0xd6, 0xd6, 0xd6, 0xd6, 0xd6, 0xd6, 0xd6, 0xd6, 0xd6, 0xd6, 0xd6, 0x00, 0xad, 0x69, 0xad, 0xad, 0x69, 0x00, 0x20, 0x69, 0xa9, 0xed, 0xed, 0xed, 0xe9, 0xed, 0xd6, 0xd6, 0xd6, 0xd6, 0xad, 0xd6, 0xd6, 0x00, 0x24, 0x20, 0x00, 0x00, 0xad, 0xad, 0xad, 0xad, 0xad, 0xff, 0xd6, 0xff, 0xb1, 0xd6, 0x00, 0x00, 0x00, 0x00, 0x00, 0x00, 0x00, 0x00, 0x00, 0x00, 0xff, 0xff, 0xd6, 0xff, 0xd6, 0xd6, 0xff, 0xd6, 0x00, 0x00, 0x69, 0x69, 0x00, 0x00, 0x00, 0xff, 0xff, 0xff, 0xff, 0xff, 0xff, 0xff, 0xff, 0xff, 0xff, 0x00, 0x00, 0xad, 0xad, 0xad, 0xad, 0xad, 0x69, 0xad, 0xad, 0x69, 0x68, 0x40, 0x40, 0xa9, 0x60, 0xa9, 0x60, 0xa9, 0x40, 0x40, 0x40, 0x40, 0x40, 0xad, 0xd6, 0xd6, 0xd6, 0xd6, 0xd6, 0xad, 0xad, 0xad, 0xad, 0xad, 0xad, 0xd6, 0xad, 0xad, 0xad, 0x00, 0x00, 0x20, 0x24, 0x00, 0xff, 0xff, 0xff, 0xff, 0xff, 0xff,
  0xff, 0x8d, 0xd6, 0xd6, 0x00, 0x00, 0x20, 0x20, 0x40, 0x20, 0x20, 0x00, 0xd6, 0xd6, 0xd6, 0xd6, 0xff, 0xd6, 0xd6, 0xff, 0xd6, 0xff, 0xd6, 0xff, 0xd6, 0xd6, 0xff, 0xd6, 0xd6, 0x69, 0x69, 0x40, 0x40, 0x20, 0x20, 0x20, 0xad, 0xad, 0xad, 0x69, 0x8d, 0x00, 0x00, 0x20, 0x20, 0x20, 0x00, 0x00, 0xff, 0xff, 0xff, 0xc9, 0xe5, 0xc9, 0xff, 0xff, 0xff, 0xff, 0x00, 0x00, 0x00, 0x69, 0x69, 0x20, 0x00, 0x00, 0x00, 0x00, 0x00, 0x00, 0x00, 0x00, 0x00, 0x00, 0x00, 0xd6, 0xad, 0xad, 0xd6, 0xad, 0xad, 0xd6, 0xad, 0xd6, 0xd6, 0xff, 0xd6, 0xff, 0xd6, 0xd6, 0xd6, 0xd6, 0xad, 0xad, 0xad, 0xad, 0xd6, 0x8d, 0x00, 0x00, 0x00, 0xff, 0xff, 0xff, 0xff, 0xff, 0xff, 0xff, 0xff, 0xff, 0xc9, 0xc9, 0xa9, 0xff, 0xf2, 0xc9, 0xc5, 0xe5, 0xe5, 0xc9, 0x00, 0x00, 0xad, 0xad, 0xad, 0x69, 0x69, 0x69, 0xad, 0xad, 0xad, 0xad, 0xad, 0xd6, 0xd6, 0xd6, 0xd6, 0xd6, 0xd6, 0xd6, 0xd6, 0xd6, 0xd6, 0xd6, 0xd6, 0xd6, 0xd6, 0x00, 0xad, 0xad, 0x89, 0xad, 0x69, 0x00, 0x20, 0xa9, 0x60, 0xe9, 0xed, 0xe9, 0xe9, 0xed, 0xf6, 0xb1, 0xd6, 0xd6, 0xd6, 0xd6, 0x91, 0x00, 0x20, 0x20, 0x00, 0x00, 0xae, 0xad, 0xad, 0xad, 0xad, 0xd6, 0xff, 0xd6, 0xd6, 0xd6, 0x00, 0x00, 0x00, 0x00, 0x00, 0x00, 0x00, 0x00, 0x00, 0x00, 0xb6, 0xff, 0xd6, 0xd6, 0xff, 0xd6, 0xd6, 0xd6, 0x00, 0x00, 0x69, 0x69, 0x00, 0x00, 0x00, 0xff, 0xff, 0xff, 0xff, 0xff, 0xff, 0xff, 0xff, 0xff, 0xff, 0x00, 0x00, 0x8d, 0xad, 0xad, 0xad, 0xad, 0x69, 0xd6, 0xad, 0x64, 0x69, 0x20, 0xa9, 0x60, 0xa9, 0x60, 0xa9, 0x60, 0xa9, 0x40, 0x89, 0x40, 0x40, 0xad, 0xd6, 0xd6, 0xd6, 0xd6, 0xd6, 0xad, 0xad, 0xf6, 0xad, 0xd6, 0xad, 0xad, 0xad, 0xd6, 0xad, 0x00, 0x00, 0x20, 0x20, 0x00, 0xff, 0xff, 0xff, 0xff, 0xff, 0xff,
  0xff, 0x40, 0xd6, 0xd6, 0xd6, 0xd6, 0x00, 0x20, 0x40, 0x20, 0x20, 0x20, 0x00, 0x00, 0xd6, 0xd6, 0xd6, 0xff, 0xd6, 0xd6, 0xff, 0xd6, 0xd6, 0xd6, 0xff, 0xd6, 0x8d, 0x44, 0x20, 0x20, 0x20, 0x40, 0x40, 0x69, 0xad, 0xad, 0xad, 0xad, 0xad, 0xad, 0x8d, 0x00, 0x00, 0x24, 0x00, 0x00, 0x00, 0x00, 0xff, 0xa9, 0xc9, 0xe9, 0xe9, 0xc9, 0xff, 0xff, 0xff, 0xff, 0xff, 0x00, 0x00, 0xad, 0x65, 0x69, 0x20, 0x44, 0x69, 0x69, 0x69, 0x69, 0x69, 0x69, 0x69, 0x20, 0x40, 0x40, 0xad, 0xd6, 0xae, 0xad, 0x69, 0x69, 0x69, 0x69, 0x68, 0xad, 0xad, 0xad, 0xd6, 0xd6, 0xad, 0xad, 0xd6, 0xad, 0xd6, 0x69, 0x00, 0x00, 0xff, 0xff, 0xff, 0xff, 0xff, 0xff, 0xff, 0xff, 0xff, 0xff, 0xa9, 0xc9, 0xc9, 0xfb, 0xf2, 0xc9, 0xc5, 0xe5, 0xe5, 0xe5, 0xe5, 0xc9, 0x00, 0x00, 0x69, 0xad, 0xad, 0x20, 0x40, 0x40, 0x00, 0x40, 0x20, 0x00, 0x69, 0xd6, 0xd6, 0xd6, 0xd6, 0xd6, 0xd6, 0xd6, 0xd6, 0xd6, 0xd6, 0xd6, 0xd6, 0x00, 0x00, 0x8d, 0x69, 0xad, 0x65, 0xad, 0x69, 0x20, 0x20, 0xa9, 0xc9, 0xe9, 0xe9, 0xe9, 0xe9, 0xed, 0xff, 0xff, 0xd6, 0xd6, 0xd6, 0x00, 0x00, 0x00, 0x20, 0x20, 0x20, 0x40, 0x00, 0xad, 0xad, 0xad, 0xad, 0x69, 0xff, 0xff, 0xff, 0xd6, 0xff, 0xff, 0xb6, 0xff, 0xff, 0xd6, 0xff, 0xff, 0xd6, 0xff, 0xff, 0xb6, 0xff, 0xd6, 0xd6, 0xff, 0xd6, 0x24, 0x69, 0x69, 0x69, 0x68, 0x20, 0x69, 0x89, 0x00, 0x00, 0xff, 0xff, 0xff, 0xff, 0xff, 0xff, 0xff, 0xff, 0xff, 0xff, 0x00, 0xad, 0xad, 0xad, 0xad, 0x69, 0xad, 0xd6, 0xad, 0x8d, 0x40, 0x40, 0x40, 0x40, 0x40, 0x40, 0x40, 0x40, 0x40, 0x20, 0xad, 0xad, 0xad, 0xd6, 0xd6, 0xd6, 0xd6, 0xad, 0xad, 0xd6, 0xad, 0xad, 0xad, 0xd6, 0xad, 0xad, 0xd6, 0xad, 0x00, 0x00, 0x20, 0x20, 0x20, 0x00, 0x00, 0xff, 0xff, 0x00, 0xff,
  0xff, 0x8d, 0xad, 0xf6, 0xad, 0xd6, 0x00, 0x20, 0x20, 0x40, 0x20, 0x20, 0x00, 0x00, 0xd6, 0xd6, 0xd6, 0xd6, 0xff, 0xd6, 0xd6, 0xff, 0xd6, 0xd6, 0xd6, 0xff, 0x69, 0x20, 0x40, 0x40, 0x20, 0x40, 0x40, 0x65, 0xad, 0xad, 0xad, 0xad, 0xad, 0x69, 0x8d, 0x00, 0x00, 0x24, 0x00, 0x00, 0x00, 0x00, 0xff, 0xc9, 0xc8, 0xe9, 0xe9, 0xed, 0xff, 0xff, 0xff, 0xff, 0xff, 0x00, 0x00, 0xad, 0xad, 0x64, 0x40, 0x40, 0x69, 0x68, 0x69, 0x69, 0x69, 0x69, 0x69, 0x40, 0x40, 0x40, 0xad, 0x8d, 0xd6, 0xad, 0x69, 0x69, 0x69, 0x69, 0x69, 0xd6, 0xad, 0xd6, 0xad, 0xad, 0xd6, 0xad, 0xad, 0xad, 0xad, 0x8d, 0x00, 0x00, 0xff, 0xff, 0xff, 0xff, 0xff, 0xff, 0xff, 0xff, 0xff, 0xff, 0xc9, 0xc5, 0xc9, 0xf2, 0xfb, 0xc9, 0xe5, 0xe5, 0xe5, 0xc5, 0xe5, 0xc9, 0x20, 0x00, 0x69, 0xad, 0xad, 0x40, 0x40, 0x40, 0x20, 0x20, 0x20, 0x20, 0x69, 0xd6, 0xd6, 0xd6, 0xd6, 0xd6, 0xd6, 0xd6, 0xd6, 0xd6, 0xd6, 0xd6, 0xd6, 0x00, 0x00, 0x8d, 0x69, 0xad, 0xad, 0x69, 0x8d, 0x00, 0x20, 0xa9, 0xc9, 0xe9, 0xe9, 0xed, 0xe8, 0xed, 0xd6, 0xff, 0xff, 0xd6, 0x8d, 0x00, 0x00, 0x00, 0x20, 0x40, 0x40, 0x40, 0x00, 0x8d, 0xad, 0xad, 0xad, 0x68, 0xd6, 0xff, 0xd6, 0xff, 0xd6, 0xff, 0xff, 0xb6, 0xff, 0xff, 0xd6, 0xff, 0xff, 0xd6, 0xff, 0xff, 0xd6, 0xff, 0xd6, 0xd6, 0xff, 0x00, 0x69, 0x69, 0x69, 0x69, 0x20, 0x89, 0x40, 0x20, 0x00, 0xff, 0xff, 0xff, 0xff, 0xff, 0xff, 0xff, 0xff, 0xff, 0xff, 0x00, 0xad, 0xad, 0xad, 0xf6, 0x69, 0xad, 0xad, 0xad, 0xd6, 0x40, 0x40, 0x40, 0x40, 0x40, 0x40, 0x20, 0x40, 0x40, 0x40, 0xad, 0xad, 0xad, 0xd6, 0xd6, 0xd6, 0xd6, 0xad, 0xd6, 0xad, 0xad, 0xd6, 0xad, 0xad, 0xd6, 0xad, 0xad, 0xb1, 0x00, 0x00, 0x40, 0x20, 0x20, 0x00, 0x00, 0xff, 0xff, 0x00, 0xff,
  0xff, 0x69, 0xa9, 0x84, 0xf6, 0xd6, 0xd6, 0x00, 0x00, 0x69, 0x69, 0x69, 0x20, 0x24, 0x00, 0x00, 0x20, 0xd6, 0xd6, 0xd6, 0xff, 0xd6, 0xd6, 0xff, 0xd6, 0xd6, 0xd6, 0xff, 0xd6, 0xd6, 0xd6, 0xff, 0xd6, 0xff, 0x69, 0xad, 0x64, 0xad, 0x68, 0x8d, 0x69, 0x00, 0x00, 0x24, 0x00, 0x00, 0xd6, 0xd6, 0xf2, 0xed, 0xe9, 0xed, 0xe9, 0xcd, 0xff, 0xff, 0xff, 0xff, 0xff, 0x00, 0x00, 0x69, 0xad, 0x69, 0x69, 0x64, 0x69, 0x69, 0x69, 0x69, 0x68, 0x69, 0x69, 0x69, 0x69, 0x20, 0xff, 0xd6, 0x20, 0x40, 0xad, 0xad, 0xad, 0x69, 0x68, 0x69, 0x69, 0x69, 0x69, 0x69, 0xad, 0xb1, 0xd6, 0x00, 0x00, 0x00, 0xff, 0xff, 0xff, 0xff, 0xff, 0xff, 0xff, 0xff, 0xff, 0xff, 0xff, 0xff, 0xa9, 0xc9, 0xfb, 0xc9, 0xc9, 0xc4, 0xe4, 0xe5, 0xe5, 0xc4, 0x80, 0xc9, 0xc9, 0xa9, 0x20, 0x8d, 0xad, 0xad, 0xad, 0x40, 0x20, 0x20, 0x44, 0x20, 0x40, 0x69, 0xad, 0xd6, 0xd6, 0xd6, 0xd6, 0xd6, 0xd6, 0xd6, 0xd6, 0x00, 0x00, 0xad, 0x69, 0xad, 0xad, 0x89, 0xad, 0xad, 0x00, 0x00, 0x20, 0xa9, 0xc9, 0xe4, 0xe8, 0xe9, 0xe9, 0xcd, 0xff, 0xff, 0x00, 0x00, 0x00, 0x20, 0x20, 0x00, 0x20, 0x20, 0x40, 0x40, 0x00, 0x8d, 0x69, 0xad, 0xad, 0xad, 0x00, 0x00, 0x00, 0x00, 0x00, 0x00, 0x00, 0xff, 0xb6, 0xff, 0xd6, 0xff, 0xd6, 0xff, 0xd6, 0xd6, 0xff, 0xd6, 0xff, 0x00, 0x00, 0xb2, 0x65, 0xad, 0x68, 0x69, 0x20, 0x84, 0xa9, 0x84, 0xa9, 0x20, 0xff, 0xff, 0xff, 0xff, 0xff, 0xff, 0xff, 0xff, 0xff, 0x00, 0x8d, 0xad, 0xad, 0xad, 0xd6, 0x89, 0x64, 0xad, 0xad, 0xad, 0xad, 0xad, 0xad, 0xad, 0xad, 0xad, 0xad, 0xad, 0xad, 0xd6, 0xad, 0xad, 0xd6, 0xd6, 0xd6, 0xd6, 0xad, 0xad, 0xad, 0xad, 0xad, 0xf6, 0xad, 0xad, 0x8d, 0xd6, 0x00, 0x69, 0x69, 0x69, 0x69, 0x69, 0x00, 0x00, 0x00, 0x00, 0x69, 0xff,
  0xff, 0x69, 0xa9, 0x60, 0xa9, 0x40, 0xd6, 0xd6, 0xd6, 0x00, 0x00, 0x69, 0x69, 0x69, 0x69, 0x69, 0x20, 0x00, 0x00, 0x00, 0x00, 0xd6, 0xd6, 0xff, 0xd6, 0xff, 0xd6, 0xd6, 0xff, 0xad, 0x8d, 0xad, 0x69, 0x8d, 0xad, 0x69, 0xad, 0xad, 0xad, 0x00, 0x00, 0x00, 0x00, 0x00, 0xd6, 0xd6, 0xff, 0xff, 0xa9, 0xed, 0xed, 0xe8, 0xe9, 0xcd, 0xff, 0xff, 0xff, 0xff, 0x00, 0x8e, 0x91, 0x69, 0x8d, 0xad, 0x69, 0xad, 0x69, 0x69, 0x69, 0x69, 0x69, 0x69, 0x69, 0x69, 0x69, 0x69, 0x40, 0x40, 0x20, 0x40, 0xad, 0x69, 0xad, 0x69, 0x64, 0x68, 0x68, 0x69, 0x69, 0x69, 0x8d, 0x00, 0x00, 0x00, 0x00, 0xff, 0xff, 0xff, 0xff, 0xff, 0xff, 0xff, 0xff, 0xff, 0xff, 0xff, 0xff, 0xff, 0xd6, 0xff, 0xf2, 0xc9, 0xc5, 0xe5, 0xe5, 0xe5, 0xc5, 0xc9, 0xc9, 0x60, 0xc9, 0xa4, 0x20, 0x68, 0x68, 0xad, 0xad, 0xd6, 0xd6, 0xd6, 0xd6, 0xd6, 0xd6, 0xd6, 0xd6, 0xd6, 0xd6, 0xd6, 0xad, 0xd6, 0xd6, 0xd6, 0x00, 0xad, 0x69, 0xad, 0xad, 0x69, 0xad, 0x69, 0xad, 0x69, 0x00, 0x20, 0x69, 0x84, 0xc9, 0xc9, 0xc9, 0xc8, 0xa4, 0xa9, 0x00, 0x00, 0x20, 0x20, 0x20, 0x20, 0x24, 0x00, 0x69, 0x69, 0x69, 0x69, 0x20, 0x00, 0x00, 0xad, 0xad, 0xad, 0x69, 0x69, 0x69, 0x69, 0xd6, 0xd6, 0xd6, 0xff, 0xd6, 0xff, 0xd6, 0xff, 0xff, 0xd6, 0xff, 0xd6, 0xd6, 0x20, 0x00, 0x69, 0x69, 0xad, 0x69, 0xad, 0x20, 0x20, 0xa9, 0xc9, 0xc5, 0xc9, 0xc9, 0x85, 0x00, 0x00, 0xff, 0xff, 0xff, 0xff, 0xff, 0xff, 0xff, 0x00, 0xad, 0xad, 0xad, 0xad, 0x68, 0xad, 0xad, 0x69, 0x69, 0x68, 0x69, 0x69, 0x69, 0x69, 0x69, 0x69, 0x69, 0x69, 0x69, 0x69, 0x69, 0xd6, 0xd6, 0xd6, 0xad, 0xad, 0xd6, 0xad, 0xd6, 0xad, 0xd2, 0xad, 0xad, 0xd6, 0x00, 0x00, 0x69, 0x69, 0x69, 0x69, 0x69, 0x20, 0x89, 0xa9, 0x89, 0x89, 0x40, 0xff,
  0xff, 0x89, 0x60, 0xc9, 0x60, 0xa9, 0xad, 0xd6, 0xd6, 0x00, 0x00, 0x69, 0x69, 0x69, 0x69, 0x69, 0x20, 0x00, 0x00, 0x00, 0x00, 0xd6, 0xd6, 0xd6, 0xff, 0xd6, 0xff, 0xd6, 0xd6, 0x8d, 0x69, 0xad, 0xad, 0x69, 0xad, 0xad, 0x69, 0x65, 0xad, 0x00, 0x00, 0x00, 0x00, 0x00, 0xd6, 0x8d, 0xff, 0xf2, 0xc8, 0xed, 0xe9, 0xed, 0xed, 0xed, 0xff, 0xff, 0xff, 0xff, 0x00, 0x69, 0x8d, 0xad, 0x69, 0xad, 0xad, 0x69, 0x69, 0x69, 0x69, 0x69, 0x69, 0x69, 0x69, 0x64, 0x69, 0xad, 0x40, 0x40, 0x40, 0x40, 0xad, 0x64, 0xad, 0x69, 0x69, 0x69, 0x69, 0x69, 0x69, 0x69, 0x69, 0x00, 0x00, 0x00, 0x00, 0xff, 0xff, 0xff, 0xff, 0xff, 0xff, 0xff, 0xff, 0xff, 0xff, 0xff, 0xff, 0xff, 0xff, 0xff, 0xff, 0xc9, 0xe5, 0xe5, 0xe5, 0xc9, 0xc9, 0x60, 0xa9, 0x60, 0xc5, 0x60, 0x20, 0x69, 0x69, 0x8d, 0xb1, 0x8d, 0xd6, 0xd6, 0xd6, 0xd6, 0xd6, 0xd6, 0xd6, 0xd6, 0xd6, 0xd6, 0xd6, 0xd6, 0xd6, 0xd6, 0x00, 0xad, 0x69, 0xad, 0x69, 0xad, 0xad, 0x69, 0x8d, 0x91, 0x00, 0x20, 0x40, 0xa9, 0x60, 0xa9, 0xc9, 0xc9, 0x60, 0x89, 0x00, 0x00, 0x20, 0x20, 0x20, 0x20, 0x20, 0x00, 0x69, 0x69, 0x69, 0x69, 0x20, 0x00, 0x20, 0xad, 0xad, 0xad, 0x69, 0x69, 0x69, 0x69, 0xd6, 0xd6, 0xd6, 0xff, 0xd6, 0xff, 0xff, 0xd6, 0xff, 0xd6, 0xd6, 0xff, 0xd6, 0x00, 0x00, 0x69, 0x69, 0x69, 0xad, 0xad, 0x00, 0x20, 0xc9, 0xc5, 0xe5, 0xe5, 0xe5, 0xc5, 0x40, 0x20, 0xff, 0xff, 0xff, 0xff, 0xff, 0xff, 0xff, 0x00, 0x8d, 0xad, 0x64, 0xad, 0x68, 0xad, 0x69, 0x64, 0x64, 0x69, 0x69, 0x68, 0x68, 0x69, 0x69, 0x69, 0x69, 0x69, 0x69, 0x69, 0x69, 0xd6, 0xd6, 0xd6, 0xad, 0xad, 0xad, 0xad, 0xad, 0xad, 0xad, 0xad, 0xad, 0xad, 0x00, 0x00, 0x69, 0x69, 0x69, 0x69, 0x69, 0x20, 0xa9, 0x60, 0xa9, 0x60, 0x89, 0xff,
  0xff, 0x40, 0xa9, 0xc9, 0x84, 0xa9, 0x64, 0xad, 0xd6, 0xd6, 0xd6, 0x00, 0x69, 0x69, 0x69, 0x69, 0x69, 0x49, 0x69, 0x20, 0x20, 0x00, 0x24, 0x20, 0xd6, 0xd6, 0xd6, 0xd6, 0xff, 0xd6, 0xd6, 0x8d, 0x69, 0xad, 0x68, 0xad, 0xad, 0xad, 0x8d, 0x00, 0x00, 0x00, 0x00, 0x00, 0xd6, 0xd6, 0x69, 0xa9, 0xc9, 0xed, 0xed, 0xed, 0xe9, 0xa9, 0xff, 0xff, 0xff, 0xff, 0x00, 0xae, 0x69, 0xad, 0xad, 0x69, 0xad, 0xad, 0x69, 0xad, 0x69, 0x69, 0x69, 0x69, 0x69, 0x69, 0x69, 0x69, 0xad, 0xad, 0xad, 0x69, 0xad, 0xad, 0x69, 0x69, 0x69, 0x69, 0x69, 0x69, 0x69, 0x8d, 0x00, 0x20, 0x24, 0x00, 0x00, 0x00, 0x00, 0x00, 0xff, 0xff, 0xff, 0xff, 0xff, 0xff, 0xff, 0x00, 0x00, 0x00, 0xff, 0xd6, 0xa9, 0xc9, 0xc5, 0xc5, 0xc9, 0x84, 0xa9, 0x40, 0xa9, 0x84, 0xc9, 0xa9, 0x89, 0x00, 0x00, 0x8d, 0x8d, 0x00, 0x00, 0x00, 0xae, 0xad, 0xd6, 0xd6, 0xd6, 0xd6, 0xd6, 0xd6, 0xb1, 0x8d, 0x00, 0x00, 0x69, 0x69, 0x69, 0x69, 0x64, 0x64, 0x69, 0x8d, 0x00, 0x00, 0x00, 0x69, 0x40, 0x40, 0x40, 0x40, 0x60, 0x40, 0x40, 0x20, 0x00, 0x00, 0x20, 0x20, 0x20, 0x00, 0x00, 0x69, 0x69, 0x69, 0x69, 0x69, 0x69, 0x00, 0x00, 0xad, 0xad, 0xad, 0xad, 0xad, 0xd6, 0xd6, 0xd6, 0xd6, 0xd6, 0xd6, 0xd6, 0xff, 0xd6, 0xff, 0xd6, 0xff, 0xd6, 0x00, 0x00, 0x69, 0x69, 0x8d, 0xad, 0xad, 0x69, 0xad, 0x00, 0x20, 0xa9, 0xc9, 0xc5, 0xe5, 0xe5, 0xc9, 0xa9, 0x89, 0x00, 0x00, 0xff, 0xff, 0xff, 0x00, 0x00, 0x00, 0x69, 0x64, 0xad, 0xad, 0x68, 0xad, 0xad, 0x69, 0xad, 0xad, 0x69, 0xad, 0xad, 0x69, 0xad, 0xad, 0x64, 0xad, 0xad, 0x69, 0xad, 0x69, 0xad, 0xad, 0xd6, 0xad, 0xd6, 0xad, 0xd6, 0xad, 0xd6, 0xad, 0x00, 0x00, 0x00, 0x00, 0x69, 0x69, 0x69, 0x00, 0x00, 0x69, 0xa9, 0x60, 0xa9, 0xa9, 0x40, 0xff,
  0xff, 0x89, 0x40, 0x89, 0x40, 0x89, 0x8d, 0xd6, 0x8d, 0xd6, 0xd6, 0x24, 0x69, 0x69, 0x69, 0x69, 0x69, 0x69, 0x69, 0x24, 0x20, 0x00, 0x20, 0x24, 0xd6, 0xd6, 0xd6, 0xff, 0xd6, 0xd6, 0xff, 0x69, 0x8d, 0x8d, 0x69, 0x8d, 0x8d, 0xad, 0x8d, 0x00, 0x00, 0x00, 0x00, 0x00, 0xd6, 0x8d, 0x89, 0x40, 0xa9, 0xcd, 0xcd, 0xcd, 0xcd, 0xad, 0xff, 0xff, 0xff, 0xff, 0x00, 0x8e, 0x8d, 0x69, 0xad, 0x68, 0x8d, 0x69, 0x8d, 0x69, 0x69, 0x69, 0x69, 0x69, 0x69, 0x69, 0x69, 0x8d, 0x69, 0x8d, 0x69, 0x8d, 0x69, 0xad, 0x8d, 0x69, 0x69, 0x69, 0x69, 0x69, 0x92, 0x69, 0x00, 0x20, 0x20, 0x00, 0x00, 0x00, 0x00, 0x00, 0xff, 0xff, 0xff, 0xff, 0xff, 0xff, 0xff, 0x00, 0x00, 0x00, 0xff, 0xff, 0x89, 0xa9, 0xa9, 0xa9, 0xa9, 0x40, 0x89, 0x89, 0xa9, 0x40, 0xa9, 0x40, 0x89, 0x00, 0x00, 0x92, 0x8d, 0x00, 0x00, 0x00, 0x8d, 0x8d, 0xd6, 0xd6, 0xb6, 0xd6, 0xd6, 0xd6, 0x8d, 0x8d, 0x00, 0x00, 0x49, 0x69, 0x69, 0x69, 0x69, 0x69, 0x8d, 0x69, 0x00, 0x00, 0x00, 0x24, 0x69, 0x20, 0x89, 0x40, 0x64, 0x40, 0x20, 0x24, 0x00, 0x00, 0x24, 0x20, 0x20, 0x00, 0x00, 0x49, 0x69, 0x69, 0x69, 0x69, 0x49, 0x00, 0x00, 0x92, 0x8d, 0x8d, 0x8d, 0x8d, 0xd6, 0xd6, 0xd6, 0xd6, 0xd6, 0xb6, 0xff, 0xd6, 0xff, 0xff, 0xd6, 0xd6, 0xb6, 0x00, 0x00, 0x49, 0x69, 0x69, 0x8d, 0x69, 0x8d, 0x69, 0x00, 0x00, 0xa9, 0xa9, 0xa9, 0xa9, 0xa9, 0xa9, 0xa9, 0x89, 0x00, 0x00, 0xff, 0xff, 0xff, 0x00, 0x00, 0x00, 0x69, 0x69, 0x69, 0x8d, 0xad, 0x69, 0x8d, 0x8d, 0x69, 0x8d, 0xb2, 0x69, 0xad, 0x8d, 0x69, 0x8d, 0x8d, 0x69, 0x8d, 0x8d, 0x69, 0x8d, 0x8d, 0xd6, 0xb2, 0x8d, 0xad, 0xd6, 0xad, 0x8d, 0x8d, 0x8d, 0x00, 0x00, 0x00, 0x00, 0x69, 0x69, 0x69, 0x00, 0x00, 0x89, 0x40, 0xa9, 0x40, 0x89, 0x69, 0xff,
  0xff, 0xff, 0xff, 0xff, 0xff, 0xff, 0xff, 0xff, 0xff, 0xff, 0xff, 0xff, 0xff, 0xff, 0xff, 0xff, 0xff, 0xff, 0xff, 0xff, 0xff, 0xff, 0xff, 0xff, 0xff, 0xff, 0xff, 0xff, 0xff, 0xff, 0xff, 0xff, 0xff, 0xff, 0xff, 0xff, 0xff, 0xff, 0xff, 0xff, 0xff, 0xff, 0xff, 0xff, 0xff, 0xff, 0xff, 0xff, 0xff, 0xff, 0xff, 0xff, 0xff, 0xff, 0xff, 0xff, 0xff, 0xff, 0xff, 0xff, 0xff, 0xff, 0xff, 0xff, 0xff, 0xff, 0xff, 0xff, 0xff, 0xff, 0xff, 0xff, 0xff, 0xff, 0xff, 0xff, 0xff, 0xff, 0xff, 0xff, 0xff, 0xff, 0xff, 0xff, 0xff, 0xff, 0xff, 0xff, 0xff, 0xff, 0xff, 0xff, 0xff, 0xff, 0xff, 0xff, 0xff, 0xff, 0xff, 0xff, 0xff, 0xff, 0xff, 0xff, 0xff, 0xff, 0xff, 0xff, 0xff, 0xff, 0xff, 0xff, 0xff, 0xff, 0xff, 0xff, 0xff, 0xff, 0xff, 0xff, 0xff, 0xff, 0xff, 0xff, 0xff, 0xff, 0xff, 0xff, 0xff, 0xff, 0xff, 0xff, 0xff, 0xff, 0xff, 0xff, 0xff, 0xff, 0xff, 0xff, 0xff, 0xff, 0xff, 0xff, 0xff, 0xff, 0xff, 0xff, 0xff, 0xff, 0xff, 0xff, 0xff, 0xff, 0xff, 0xff, 0xff, 0xff, 0xff, 0xff, 0xff, 0xff, 0xff, 0xff, 0xff, 0xff, 0xff, 0xff, 0xff, 0xff, 0xff, 0xff, 0xff, 0xff, 0xff, 0xff, 0xff, 0xff, 0xff, 0xff, 0xff, 0xff, 0xff, 0xff, 0xff, 0xff, 0xff, 0xff, 0xff, 0xff, 0xff, 0xff, 0xff, 0xff, 0xff, 0xff, 0xff, 0xff, 0xff, 0xff, 0xff, 0xff, 0xff, 0xff, 0xff, 0xff, 0xff, 0xff, 0xff, 0xff, 0xff, 0xff, 0xff, 0xff, 0xff, 0xff, 0xff, 0xff, 0xff, 0xff, 0xff, 0xff, 0xff, 0xff, 0xff, 0xff, 0xff, 0xff, 0xff, 0xff, 0xff, 0xff, 0xff, 0xff, 0xff, 0xff, 0xff, 0xff, 0xff, 0xff, 0xff, 0xff, 0xff, 0xff, 0xff, 0xff, 0xff, 0xff, 0xff, 0xff, 0xff, 0xff, 0xff, 0xff, 0xff, 0xff, 0xff, 0xff, 0xff, 0xff, 0xff, 0xff, 0xff, 0xff, 0xff, 0xff, 0xff, 0xff, 0xff, 0xff,
  0xff, 0xff, 0xff, 0xff, 0xff, 0xff, 0xff, 0xff, 0xff, 0xff, 0xff, 0xff, 0xff, 0xff, 0xff, 0xff, 0xff, 0xff, 0xff, 0xff, 0xff, 0xff, 0xff, 0xff, 0xff, 0xff, 0xff, 0xff, 0xff, 0xff, 0xff, 0xff, 0xff, 0xff, 0xff, 0xff, 0xff, 0xff, 0xff, 0xff, 0xff, 0xff, 0xff, 0xff, 0xff, 0xff, 0xff, 0xff, 0xff, 0xff, 0xff, 0xff, 0xff, 0xff, 0xff, 0xff, 0xff, 0xff, 0xff, 0xff, 0xff, 0xff, 0xff, 0xff, 0xff, 0xff, 0xff, 0xff, 0xff, 0xff, 0xff, 0xff, 0xff, 0xff, 0xff, 0xff, 0xff, 0xff, 0xff, 0xff, 0xff, 0xff, 0xff, 0xff, 0xff, 0xff, 0xff, 0xff, 0xff, 0xff, 0xff, 0xff, 0xff, 0xff, 0xff, 0xff, 0xff, 0xff, 0xff, 0xff, 0xff, 0xff, 0xff, 0xff, 0xff, 0xff, 0xff, 0xff, 0xff, 0xff, 0xff, 0xff, 0xff, 0xff, 0xff, 0xff, 0xff, 0xff, 0xff, 0xff, 0xff, 0xff, 0xff, 0xff, 0xff, 0xff, 0xff, 0xff, 0xff, 0xff, 0xff, 0xff, 0xff, 0xff, 0xff, 0xff, 0xff, 0xff, 0xff, 0xff, 0xff, 0xff, 0xff, 0xff, 0xff, 0xff, 0xff, 0xff, 0xff, 0xff, 0xff, 0xff, 0xff, 0xff, 0xff, 0xff, 0xff, 0xff, 0xff, 0xff, 0xff, 0xff, 0xff, 0xff, 0xff, 0xff, 0xff, 0xff, 0xff, 0xff, 0xff, 0xff, 0xff, 0xff, 0xff, 0xff, 0xff, 0xff, 0xff, 0xff, 0xff, 0xff, 0xff, 0xff, 0xff, 0xff, 0xff, 0xff, 0xff, 0xff, 0xff, 0xff, 0xff, 0xff, 0xff, 0xff, 0xff, 0xff, 0xff, 0xff, 0xff, 0xff, 0xff, 0xff, 0xff, 0xff, 0xff, 0xff, 0xff, 0xff, 0xff, 0xff, 0xff, 0xff, 0xff, 0xff, 0xff, 0xff, 0xff, 0xff, 0xff, 0xff, 0xff, 0xff, 0xff, 0xff, 0xff, 0xff, 0xff, 0xff, 0xff, 0xff, 0xff, 0xff, 0xff, 0xff, 0xff, 0xff, 0xff, 0xff, 0xff, 0xff, 0xff, 0xff, 0xff, 0xff, 0xff, 0xff, 0xff, 0xff, 0xff, 0xff, 0xff, 0xff, 0xff, 0xff, 0xff, 0xff, 0xff, 0xff, 0xff, 0xff, 0xff, 0xff, 0xff, 0xff, 0xff, 0xff, 0xff, 0xff,
  0xff, 0xff, 0xff, 0xff, 0xff, 0xff, 0xff, 0xff, 0xff, 0xff, 0xff, 0xff, 0xff, 0xff, 0xff, 0xff, 0xff, 0xff, 0xff, 0xff, 0xff, 0xff, 0xff, 0xff, 0xff, 0xff, 0xff, 0xff, 0xff, 0xff, 0xff, 0xff, 0xff, 0xff, 0xff, 0xff, 0xff, 0xff, 0xff, 0xff, 0xff, 0xff, 0xff, 0xff, 0xff, 0xff, 0xff, 0xff, 0xff, 0xff, 0xff, 0xff, 0xff, 0xff, 0xff, 0xff, 0xff, 0xff, 0xff, 0xff, 0xff, 0xff, 0xff, 0xff, 0xff, 0xff, 0xff, 0xff, 0xff, 0xff, 0xff, 0xff, 0xff, 0xff, 0xff, 0xff, 0xff, 0xff, 0xff, 0xff, 0xff, 0xff, 0xff, 0xff, 0xff, 0xff, 0xff, 0xff, 0xff, 0xff, 0xff, 0xff, 0xff, 0xff, 0xff, 0xff, 0xff, 0xff, 0xff, 0xff, 0xff, 0xff, 0xff, 0xff, 0xff, 0xff, 0xff, 0xff, 0xff, 0xff, 0xff, 0xff, 0xff, 0xff, 0xff, 0xff, 0xff, 0xff, 0xff, 0xff, 0xff, 0xff, 0xff, 0xff, 0xff, 0xff, 0xff, 0xff, 0xff, 0xff, 0xff, 0xff, 0xff, 0xff, 0xff, 0xff, 0xff, 0xff, 0xff, 0xff, 0xff, 0xff, 0xff, 0xff, 0xff, 0xff, 0xff, 0xff, 0xff, 0xff, 0xff, 0xff, 0xff, 0xff, 0xff, 0xff, 0xff, 0xff, 0xff, 0xff, 0xff, 0xff, 0xff, 0xff, 0xff, 0xff, 0xff, 0xff, 0xff, 0xff, 0xff, 0xff, 0xff, 0xff, 0xff, 0xff, 0xff, 0xff, 0xff, 0xff, 0xff, 0xff, 0xff, 0xff, 0xff, 0xff, 0xff, 0xff, 0xff, 0xff, 0xff, 0xff, 0xff, 0xff, 0xff, 0xff, 0xff, 0xff, 0xff, 0xff, 0xff, 0xff, 0xff, 0xff, 0xff, 0xff, 0xff, 0xff, 0xff, 0xff, 0xff, 0xff, 0xff, 0xff, 0xff, 0xff, 0xff, 0xff, 0xff, 0xff, 0xff, 0xff, 0xff, 0xff, 0xff, 0xff, 0xff, 0xff, 0xff, 0xff, 0xff, 0xff, 0xff, 0xff, 0xff, 0xff, 0xff, 0xff, 0xff, 0xff, 0xff, 0xff, 0xff, 0xff, 0xff, 0xff, 0xff, 0xff, 0xff, 0xff, 0xff, 0xff, 0xff, 0xff, 0xff, 0xff, 0xff, 0xff, 0xff, 0xff, 0xff, 0xff, 0xff, 0xff, 0xff, 0xff, 0xff, 0xff, 0xff, 0xff,
  0xff, 0xff, 0xff, 0xff, 0xff, 0xff, 0xff, 0xff, 0xff, 0xff, 0xff, 0xff, 0xff, 0xff, 0xff, 0xff, 0xff, 0xff, 0xff, 0xff, 0xff, 0xff, 0xff, 0xff, 0xff, 0xff, 0xff, 0xff, 0xff, 0xff, 0xff, 0xff, 0xff, 0xff, 0xff, 0xff, 0xff, 0xff, 0xff, 0xff, 0xff, 0xff, 0xff, 0xff, 0xff, 0xff, 0xff, 0xff, 0xff, 0xff, 0xff, 0xff, 0xff, 0xff, 0xff, 0xff, 0xff, 0xff, 0xff, 0xff, 0xff, 0xff, 0xff, 0xff, 0xff, 0xff, 0xff, 0xff, 0xff, 0xff, 0xff, 0xff, 0xff, 0xff, 0xff, 0xff, 0xff, 0xff, 0xff, 0xff, 0xff, 0xff, 0xff, 0xff, 0xff, 0xff, 0xff, 0xff, 0xff, 0xff, 0xff, 0xff, 0xff, 0xff, 0xff, 0xff, 0xff, 0xff, 0xff, 0xff, 0xff, 0xff, 0xff, 0xff, 0xff, 0x00, 0x00, 0x00, 0x00, 0x00, 0xff, 0x00, 0x00, 0xff, 0xff, 0x00, 0x00, 0xff, 0x00, 0x00, 0x00, 0x00, 0x00, 0xff, 0xff, 0xff, 0xff, 0xff, 0xff, 0xff, 0xff, 0xff, 0xff, 0x00, 0x00, 0x00, 0x00, 0x00, 0xff, 0xff, 0x00, 0x00, 0x00, 0x00, 0x00, 0xff, 0xff, 0x00, 0x00, 0x00, 0x00, 0x00, 0xff, 0x00, 0x00, 0x00, 0x00, 0xff, 0xff, 0xff, 0x00, 0x00, 0x00, 0x00, 0x00, 0xff, 0xff, 0xff, 0xff, 0xff, 0xff, 0xff, 0xff, 0xff, 0xff, 0xff, 0xff, 0xff, 0xff, 0xff, 0xff, 0xff, 0xff, 0xff, 0xff, 0xff, 0xff, 0xff, 0xff, 0xff, 0xff, 0xff, 0xff, 0xff, 0xff, 0xff, 0xff, 0xff, 0xff, 0xff, 0xff, 0xff, 0xff, 0xff, 0xff, 0xff, 0xff, 0xff, 0xff, 0xff, 0xff, 0xff, 0xff, 0xff, 0xff, 0xff, 0xff, 0xff, 0xff, 0xff, 0xff, 0xff, 0xff, 0xff, 0xff, 0xff, 0xff, 0xff, 0xff, 0xff, 0xff, 0xff, 0xff, 0xff, 0xff, 0xff, 0xff, 0xff, 0xff, 0xff, 0xff, 0xff, 0xff, 0xff, 0xff, 0xff, 0xff, 0xff, 0xff, 0xff, 0xff, 0xff, 0xff, 0xff, 0xff, 0xff, 0xff, 0xff, 0xff, 0xff, 0xff, 0xff, 0xff, 0xff, 0xff, 0xff, 0xff, 0xff, 0xff, 0xff,
  0xff, 0xff, 0xff, 0xff, 0xff, 0xff, 0xff, 0xff, 0xff, 0xff, 0xff, 0xff, 0xff, 0xff, 0xff, 0xff, 0xff, 0xff, 0xff, 0xff, 0xff, 0xff, 0xff, 0xff, 0xff, 0xff, 0xff, 0xff, 0xff, 0xff, 0xff, 0xff, 0xff, 0xff, 0xff, 0xff, 0xff, 0xff, 0xff, 0xff, 0xff, 0xff, 0xff, 0xff, 0xff, 0xff, 0xff, 0xff, 0xff, 0xff, 0xff, 0xff, 0xff, 0xff, 0xff, 0xff, 0xff, 0xff, 0xff, 0xff, 0xff, 0xff, 0xff, 0xff, 0xff, 0xff, 0xff, 0xff, 0xff, 0xff, 0xff, 0xff, 0xff, 0xff, 0xff, 0xff, 0xff, 0xff, 0xff, 0xff, 0xff, 0xff, 0xff, 0xff, 0xff, 0xff, 0xff, 0xff, 0xff, 0xff, 0xff, 0xff, 0xff, 0xff, 0xff, 0xff, 0xff, 0xff, 0xff, 0xff, 0xff, 0xff, 0xff, 0xff, 0xff, 0x00, 0x00, 0x00, 0x00, 0x00, 0xff, 0x00, 0x00, 0xff, 0xff, 0x00, 0x00, 0xff, 0x00, 0x00, 0x00, 0x00, 0x00, 0xff, 0xff, 0xff, 0xff, 0xff, 0xff, 0xff, 0xff, 0xff, 0xff, 0x00, 0x00, 0x00, 0x00, 0x00, 0xff, 0xff, 0x00, 0x00, 0x00, 0x00, 0x00, 0xff, 0xff, 0x00, 0x00, 0x00, 0x00, 0x00, 0xff, 0x00, 0x00, 0x00, 0x00, 0xff, 0xff, 0xff, 0x00, 0x00, 0x00, 0x00, 0x00, 0xff, 0xff, 0xff, 0xff, 0xff, 0xff, 0xff, 0xff, 0xff, 0xff, 0xff, 0xff, 0xff, 0xff, 0xff, 0xff, 0xff, 0xff, 0xff, 0xff, 0xff, 0xff, 0xff, 0xff, 0xff, 0xff, 0xff, 0xff, 0xff, 0xff, 0xff, 0xff, 0xff, 0xff, 0xff, 0xff, 0xff, 0xff, 0xff, 0xff, 0xff, 0xff, 0xff, 0xff, 0xff, 0xff, 0xff, 0xff, 0xff, 0xff, 0xff, 0xff, 0xff, 0xff, 0xff, 0xff, 0xff, 0xff, 0xff, 0xff, 0xff, 0xff, 0xff, 0xff, 0xff, 0xff, 0xff, 0xff, 0xff, 0xff, 0xff, 0xff, 0xff, 0xff, 0xff, 0xff, 0xff, 0xff, 0xff, 0xff, 0xff, 0xff, 0xff, 0xff, 0xff, 0xff, 0xff, 0xff, 0xff, 0xff, 0xff, 0xff, 0xff, 0xff, 0xff, 0xff, 0xff, 0xff, 0xff, 0xff, 0xff, 0xff, 0xff, 0xff, 0xff,
  0xff, 0xff, 0xff, 0xff, 0xff, 0xff, 0xff, 0xff, 0xff, 0xff, 0xff, 0xff, 0xff, 0xff, 0xff, 0xff, 0xff, 0xff, 0xff, 0xff, 0xff, 0xff, 0xff, 0xff, 0xff, 0xff, 0xff, 0xff, 0xff, 0xff, 0xff, 0xff, 0xff, 0xff, 0xff, 0xff, 0xff, 0xff, 0xff, 0xff, 0xff, 0xff, 0xff, 0xff, 0xff, 0xff, 0xff, 0xff, 0xff, 0xff, 0xff, 0xff, 0xff, 0xff, 0xff, 0xff, 0xff, 0xff, 0xff, 0xff, 0xff, 0xff, 0xff, 0xff, 0xff, 0xff, 0xff, 0xff, 0xff, 0xff, 0xff, 0xff, 0xff, 0xff, 0xff, 0xff, 0xff, 0xff, 0xff, 0xff, 0xff, 0xff, 0xff, 0xff, 0xff, 0xff, 0xff, 0xff, 0xff, 0xff, 0xff, 0xff, 0xff, 0xff, 0xff, 0xff, 0xff, 0xff, 0xff, 0xff, 0xff, 0xff, 0xff, 0xff, 0xff, 0xff, 0x00, 0x00, 0xff, 0xff, 0xff, 0x00, 0x00, 0x00, 0x00, 0x00, 0x00, 0xff, 0x00, 0x00, 0x00, 0x00, 0xff, 0xff, 0xff, 0xff, 0xff, 0xff, 0xff, 0xff, 0xff, 0xff, 0xff, 0x00, 0x00, 0x00, 0x00, 0x00, 0xff, 0xff, 0xff, 0xff, 0x00, 0xff, 0xff, 0xff, 0xff, 0x00, 0x00, 0x00, 0xff, 0xff, 0xff, 0x00, 0x00, 0x00, 0x00, 0x00, 0x00, 0xff, 0xff, 0xff, 0x00, 0x00, 0xff, 0xff, 0xff, 0xff, 0xff, 0xff, 0xff, 0xff, 0xff, 0xff, 0xff, 0xff, 0xff, 0xff, 0xff, 0xff, 0xff, 0xff, 0xff, 0xff, 0xff, 0xff, 0xff, 0xff, 0xff, 0xff, 0xff, 0xff, 0xff, 0xff, 0xff, 0xff, 0xff, 0xff, 0xff, 0xff, 0xff, 0xff, 0xff, 0xff, 0xff, 0xff, 0xff, 0xff, 0xff, 0xff, 0xff, 0xff, 0xff, 0xff, 0xff, 0xff, 0xff, 0xff, 0xff, 0xff, 0xff, 0xff, 0xff, 0xff, 0xff, 0xff, 0xff, 0xff, 0xff, 0xff, 0xff, 0xff, 0xff, 0xff, 0xff, 0xff, 0xff, 0xff, 0xff, 0xff, 0xff, 0xff, 0xff, 0xff, 0xff, 0xff, 0xff, 0xff, 0xff, 0xff, 0xff, 0xff, 0xff, 0xff, 0xff, 0xff, 0xff, 0xff, 0xff, 0xff, 0xff, 0xff, 0xff, 0xff, 0xff, 0xff, 0xff, 0xff, 0xff, 0xff,
  0xff, 0xff, 0xff, 0xff, 0xff, 0xff, 0xff, 0xff, 0xff, 0xff, 0xff, 0xff, 0xff, 0xff, 0xff, 0xff, 0xff, 0xff, 0xff, 0xff, 0xff, 0xff, 0xff, 0xff, 0xff, 0xff, 0xff, 0xff, 0xff, 0xff, 0xff, 0xff, 0xff, 0xff, 0xff, 0xff, 0xff, 0xff, 0xff, 0xff, 0xff, 0xff, 0xff, 0xff, 0xff, 0xff, 0xff, 0xff, 0xff, 0xff, 0xff, 0xff, 0xff, 0xff, 0xff, 0xff, 0xff, 0xff, 0xff, 0xff, 0xff, 0xff, 0xff, 0xff, 0xff, 0xff, 0xff, 0xff, 0xff, 0xff, 0xff, 0xff, 0xff, 0xff, 0xff, 0xff, 0xff, 0xff, 0xff, 0xff, 0xff, 0xff, 0xff, 0xff, 0xff, 0xff, 0xff, 0xff, 0xff, 0xff, 0xff, 0xff, 0xff, 0xff, 0xff, 0xff, 0xff, 0xff, 0xff, 0xff, 0xff, 0xff, 0xff, 0xff, 0xff, 0xff, 0x00, 0x00, 0xff, 0xff, 0xff, 0x00, 0x00, 0xff, 0xff, 0x00, 0x00, 0xff, 0x00, 0x00, 0x00, 0x00, 0x00, 0xff, 0xff, 0xff, 0xff, 0xff, 0xff, 0xff, 0xff, 0xff, 0xff, 0x00, 0x00, 0xff, 0xff, 0xff, 0xff, 0xff, 0x00, 0x00, 0x00, 0x00, 0x00, 0xff, 0xff, 0x00, 0xff, 0xff, 0x00, 0x00, 0xff, 0xff, 0xff, 0x00, 0x00, 0x00, 0x00, 0xff, 0xff, 0xff, 0x00, 0x00, 0xff, 0xff, 0xff, 0xff, 0xff, 0xff, 0xff, 0xff, 0xff, 0xff, 0xff, 0xff, 0xff, 0xff, 0xff, 0xff, 0xff, 0xff, 0xff, 0xff, 0xff, 0xff, 0xff, 0xff, 0xff, 0xff, 0xff, 0xff, 0xff, 0xff, 0xff, 0xff, 0xff, 0xff, 0xff, 0xff, 0xff, 0xff, 0xff, 0xff, 0xff, 0xff, 0xff, 0xff, 0xff, 0xff, 0xff, 0xff, 0xff, 0xff, 0xff, 0xff, 0xff, 0xff, 0xff, 0xff, 0xff, 0xff, 0xff, 0xff, 0xff, 0xff, 0xff, 0xff, 0xff, 0xff, 0xff, 0xff, 0xff, 0xff, 0xff, 0xff, 0xff, 0xff, 0xff, 0xff, 0xff, 0xff, 0xff, 0xff, 0xff, 0xff, 0xff, 0xff, 0xff, 0xff, 0xff, 0xff, 0xff, 0xff, 0xff, 0xff, 0xff, 0xff, 0xff, 0xff, 0xff, 0xff, 0xff, 0xff, 0xff, 0xff, 0xff, 0xff, 0xff, 0xff,
  0xff, 0xff, 0xff, 0xff, 0xff, 0xff, 0xff, 0xff, 0xff, 0xff, 0xff, 0xff, 0xff, 0xff, 0xff, 0xff, 0xff, 0xff, 0xff, 0xff, 0xff, 0xff, 0xff, 0xff, 0xff, 0xff, 0xff, 0xff, 0xff, 0xff, 0xff, 0xff, 0xff, 0xff, 0xff, 0xff, 0xff, 0xff, 0xff, 0xff, 0xff, 0xff, 0xff, 0xff, 0xff, 0xff, 0xff, 0xff, 0xff, 0xff, 0xff, 0xff, 0xff, 0xff, 0xff, 0xff, 0xff, 0xff, 0xff, 0xff, 0xff, 0xff, 0xff, 0xff, 0xff, 0xff, 0xff, 0xff, 0xff, 0xff, 0xff, 0xff, 0xff, 0xff, 0xff, 0xff, 0xff, 0xff, 0xff, 0xff, 0xff, 0xff, 0xff, 0xff, 0xff, 0xff, 0xff, 0xff, 0xff, 0xff, 0xff, 0xff, 0xff, 0xff, 0xff, 0xff, 0xff, 0xff, 0xff, 0xff, 0xff, 0xff, 0xff, 0xff, 0xff, 0xff, 0x00, 0x00, 0xff, 0xff, 0xff, 0x00, 0x00, 0xff, 0xff, 0x00, 0x00, 0xff, 0x00, 0x00, 0x00, 0x00, 0x00, 0xff, 0xff, 0xff, 0xff, 0xff, 0xff, 0xff, 0xff, 0xff, 0xff, 0x00, 0x00, 0xff, 0xff, 0xff, 0xff, 0xff, 0x00, 0x00, 0x00, 0x00, 0x00, 0xff, 0xff, 0x00, 0xff, 0xff, 0x00, 0x00, 0xff, 0xff, 0xff, 0x00, 0x00, 0x00, 0x00, 0xff, 0xff, 0xff, 0x00, 0x00, 0xff, 0xff, 0xff, 0xff, 0xff, 0xff, 0xff, 0xff, 0xff, 0xff, 0xff, 0xff, 0xff, 0xff, 0xff, 0xff, 0xff, 0xff, 0xff, 0xff, 0xff, 0xff, 0xff, 0xff, 0xff, 0xff, 0xff, 0xff, 0xff, 0xff, 0xff, 0xff, 0xff, 0xff, 0xff, 0xff, 0xff, 0xff, 0xff, 0xff, 0xff, 0xff, 0xff, 0xff, 0xff, 0xff, 0xff, 0xff, 0xff, 0xff, 0xff, 0xff, 0xff, 0xff, 0xff, 0xff, 0xff, 0xff, 0xff, 0xff, 0xff, 0xff, 0xff, 0xff, 0xff, 0xff, 0xff, 0xff, 0xff, 0xff, 0xff, 0xff, 0xff, 0xff, 0xff, 0xff, 0xff, 0xff, 0xff, 0xff, 0xff, 0xff, 0xff, 0xff, 0xff, 0xff, 0xff, 0xff, 0xff, 0xff, 0xff, 0xff, 0xff, 0xff, 0xff, 0xff, 0xff, 0xff, 0xff, 0xff, 0xff, 0xff, 0xff, 0xff, 0xff, 0xff,
  0xff, 0xff, 0xff, 0xff, 0xff, 0xff, 0xff, 0xff, 0xff, 0xff, 0xff, 0xff, 0xff, 0xff, 0xff, 0xff, 0xff, 0xff, 0xff, 0xff, 0xff, 0xff, 0xff, 0xff, 0xff, 0xff, 0xff, 0xff, 0xff, 0xff, 0xff, 0xff, 0xff, 0xff, 0xff, 0xff, 0xff, 0xff, 0xff, 0xff, 0xff, 0xff, 0xff, 0xff, 0xff, 0xff, 0xff, 0xff, 0xff, 0xff, 0xff, 0xff, 0xff, 0xff, 0xff, 0xff, 0xff, 0xff, 0xff, 0xff, 0xff, 0xff, 0xff, 0xff, 0xff, 0xff, 0xff, 0xff, 0xff, 0xff, 0xff, 0xff, 0xff, 0xff, 0xff, 0xff, 0xff, 0xff, 0xff, 0xff, 0xff, 0xff, 0xff, 0xff, 0xff, 0xff, 0xff, 0xff, 0xff, 0xff, 0xff, 0xff, 0xff, 0xff, 0xff, 0xff, 0xff, 0xff, 0xff, 0xff, 0xff, 0xff, 0xff, 0xff, 0xff, 0xff, 0xff, 0xff, 0xff, 0xff, 0xff, 0xff, 0xff, 0xff, 0xff, 0xff, 0xff, 0xff, 0xff, 0xff, 0xff, 0xff, 0xff, 0xff, 0xff, 0xff, 0xff, 0xff, 0xff, 0xff, 0xff, 0xff, 0xff, 0xff, 0xff, 0xff, 0xff, 0xff, 0xff, 0xff, 0xff, 0xff, 0xff, 0xff, 0xff, 0xff, 0xff, 0xff, 0xff, 0xff, 0xff, 0xff, 0xff, 0xff, 0xff, 0xff, 0xff, 0xff, 0xff, 0xff, 0xff, 0xff, 0xff, 0xff, 0xff, 0xff, 0xff, 0xff, 0xff, 0xff, 0xff, 0xff, 0xff, 0xff, 0xff, 0xff, 0xff, 0xff, 0xff, 0xff, 0xff, 0xff, 0xff, 0xff, 0xff, 0xff, 0xff, 0xff, 0xff, 0xff, 0xff, 0xff, 0xff, 0xff, 0xff, 0xff, 0xff, 0xff, 0xff, 0xff, 0xff, 0xff, 0xff, 0xff, 0xff, 0xff, 0xff, 0xff, 0xff, 0xff, 0xff, 0xff, 0xff, 0xff, 0xff, 0xff, 0xff, 0xff, 0xff, 0xff, 0xff, 0xff, 0xff, 0xff, 0xff, 0xff, 0xff, 0xff, 0xff, 0xff, 0xff, 0xff, 0xff, 0xff, 0xff, 0xff, 0xff, 0xff, 0xff, 0xff, 0xff, 0xff, 0xff, 0xff, 0xff, 0xff, 0xff, 0xff, 0xff, 0xff, 0xff, 0xff, 0xff, 0xff, 0xff, 0xff, 0xff, 0xff, 0xff, 0xff, 0xff, 0xff, 0xff, 0xff, 0xff, 0xff, 0xff, 0xff, 0xff, 0xff,
  0xff, 0xff, 0xff, 0xff, 0xff, 0xff, 0xff, 0xff, 0xff, 0xff, 0xff, 0xff, 0xff, 0xff, 0xff, 0xff, 0xff, 0xff, 0xff, 0xff, 0xff, 0xff, 0xff, 0xff, 0xff, 0xff, 0xff, 0xff, 0xff, 0xff, 0xff, 0xff, 0xff, 0xff, 0xff, 0xff, 0xff, 0xff, 0xff, 0xff, 0xff, 0xff, 0xff, 0xff, 0xff, 0xff, 0xff, 0xff, 0xff, 0xff, 0xff, 0xff, 0xff, 0xff, 0xff, 0xff, 0xff, 0xff, 0xff, 0xff, 0xff, 0xff, 0xff, 0xff, 0xff, 0xff, 0xff, 0xff, 0xff, 0xff, 0xff, 0xff, 0xff, 0xff, 0xff, 0xff, 0xff, 0xff, 0xff, 0xff, 0xff, 0xff, 0xff, 0xff, 0xff, 0xff, 0xff, 0xff, 0xff, 0xff, 0xff, 0xff, 0xff, 0xff, 0xff, 0xff, 0xff, 0xff, 0xff, 0xff, 0xff, 0xff, 0xff, 0xff, 0xff, 0xff, 0xff, 0xff, 0xff, 0xff, 0xff, 0xff, 0xff, 0xff, 0xff, 0xff, 0xff, 0xff, 0xff, 0xff, 0xff, 0xff, 0xff, 0xff, 0xff, 0xff, 0xff, 0xff, 0xff, 0xff, 0xff, 0xff, 0xff, 0xff, 0xff, 0xff, 0xff, 0xff, 0xff, 0xff, 0xff, 0xff, 0xff, 0xff, 0xff, 0xff, 0xff, 0xff, 0xff, 0xff, 0xff, 0xff, 0xff, 0xff, 0xff, 0xff, 0xff, 0xff, 0xff, 0xff, 0xff, 0xff, 0xff, 0xff, 0xff, 0xff, 0xff, 0xff, 0xff, 0xff, 0xff, 0xff, 0xff, 0xff, 0xff, 0xff, 0xff, 0xff, 0xff, 0xff, 0xff, 0xff, 0xff, 0xff, 0xff, 0xff, 0xff, 0xff, 0xff, 0xff, 0xff, 0xff, 0xff, 0xff, 0xff, 0xff, 0xff, 0xff, 0xff, 0xff, 0xff, 0xff, 0xff, 0xff, 0xff, 0xff, 0xff, 0xff, 0xff, 0xff, 0xff, 0xff, 0xff, 0xff, 0xff, 0xff, 0xff, 0xff, 0xff, 0xff, 0xff, 0xff, 0xff, 0xff, 0xff, 0xff, 0xff, 0xff, 0xff, 0xff, 0xff, 0xff, 0xff, 0xff, 0xff, 0xff, 0xff, 0xff, 0xff, 0xff, 0xff, 0xff, 0xff, 0xff, 0xff, 0xff, 0xff, 0xff, 0xff, 0xff, 0xff, 0xff, 0xff, 0xff, 0xff, 0xff, 0xff, 0xff, 0xff, 0xff, 0xff, 0xff, 0xff, 0xff, 0xff, 0xff, 0xff, 0xff, 0xff, 0xff,
  0xff, 0xff, 0xff, 0xff, 0xff, 0xff, 0xff, 0xff, 0xff, 0xff, 0xff, 0xff, 0xff, 0xff, 0xff, 0xff, 0xff, 0xff, 0xff, 0xff, 0xff, 0xff, 0xff, 0xff, 0xff, 0xff, 0xff, 0xff, 0xff, 0xff, 0xff, 0xff, 0xb6, 0xff, 0xff, 0xff, 0xff, 0xff, 0xff, 0xff, 0xff, 0xff, 0xff, 0xff, 0xff, 0xff, 0xff, 0xff, 0xff, 0xff, 0xff, 0xff, 0xff, 0xff, 0xff, 0xff, 0xff, 0xff, 0xff, 0xff, 0xff, 0xff, 0xff, 0xff, 0xff, 0xff, 0xff, 0xff, 0xff, 0xff, 0xff, 0xff, 0xff, 0xff, 0xff, 0xff, 0xff, 0xff, 0xff, 0xff, 0xff, 0xff, 0xff, 0xff, 0xff, 0xff, 0xff, 0xff, 0xff, 0xff, 0xff, 0xff, 0xff, 0xff, 0xff, 0xff, 0xff, 0xff, 0xff, 0xff, 0xff, 0xff, 0xff, 0xff, 0xff, 0xff, 0x00, 0x00, 0x00, 0x00, 0x00, 0x00, 0x00, 0x00, 0x00, 0x00, 0x00, 0x00, 0xff, 0xff, 0x00, 0x00, 0x00, 0x00, 0x00, 0xff, 0xff, 0xff, 0xff, 0xff, 0xff, 0xff, 0xff, 0xff, 0xff, 0xff, 0xff, 0x00, 0x00, 0x00, 0x00, 0x00, 0x00, 0x00, 0x00, 0x00, 0x00, 0xff, 0xff, 0xff, 0x00, 0x00, 0x00, 0x00, 0x00, 0xff, 0xff, 0xff, 0xff, 0xff, 0x00, 0x00, 0x00, 0x00, 0x00, 0xff, 0xff, 0xff, 0xff, 0xff, 0xff, 0xff, 0xff, 0xff, 0xff, 0xff, 0xff, 0xff, 0xff, 0xff, 0xff, 0xff, 0xff, 0xff, 0xff, 0xff, 0xff, 0xff, 0xff, 0xff, 0xff, 0xff, 0xff, 0xff, 0xff, 0xff, 0xff, 0xff, 0xff, 0xff, 0xff, 0xff, 0xff, 0xff, 0xff, 0xff, 0xff, 0xff, 0xff, 0xff, 0xff, 0xff, 0xff, 0xff, 0xff, 0xff, 0xff, 0xff, 0xff, 0xff, 0xff, 0xff, 0xff, 0xff, 0xff, 0xff, 0xff, 0xff, 0xff, 0xff, 0xff, 0xff, 0xff, 0xff, 0xff, 0xff, 0xff, 0xff, 0xff, 0xff, 0xff, 0xff, 0xff, 0xff, 0xff, 0xff, 0xff, 0xff, 0xff, 0xff, 0xff, 0xff, 0xff, 0xff, 0xff, 0xff, 0xff, 0xff, 0xff, 0xff, 0xff, 0xff, 0xff, 0xff, 0xff, 0xff, 0xff, 0xff, 0xff, 0xff,
  0xff, 0xff, 0xff, 0xff, 0xff, 0xff, 0xff, 0xff, 0xff, 0xff, 0xff, 0xff, 0xff, 0xff, 0xff, 0xff, 0xff, 0xff, 0xff, 0xff, 0xff, 0xff, 0xff, 0xff, 0xff, 0xff, 0xff, 0xff, 0xff, 0xff, 0xff, 0xff, 0xff, 0xff, 0xff, 0xff, 0xff, 0xff, 0xb6, 0xff, 0xff, 0xff, 0xff, 0xff, 0xff, 0xff, 0xff, 0xff, 0xff, 0xff, 0xff, 0xff, 0xff, 0xff, 0xff, 0xff, 0xff, 0xff, 0xff, 0xff, 0xff, 0xff, 0xff, 0xff, 0xff, 0xff, 0xff, 0xff, 0xff, 0xff, 0xff, 0xff, 0xff, 0xff, 0xff, 0xff, 0xff, 0xff, 0xff, 0xff, 0xff, 0xff, 0xff, 0xff, 0xff, 0xff, 0xff, 0xff, 0xff, 0xff, 0xff, 0xff, 0xff, 0xff, 0xff, 0xff, 0xff, 0xff, 0xff, 0xff, 0xff, 0xff, 0xff, 0xff, 0xff, 0x00, 0x00, 0x00, 0x00, 0x00, 0x00, 0x00, 0x00, 0x00, 0x00, 0x00, 0x00, 0x00, 0xff, 0xff, 0x00, 0x00, 0x00, 0x00, 0x00, 0xff, 0xff, 0xff, 0xff, 0xff, 0xff, 0xff, 0xff, 0xff, 0xff, 0x00, 0x00, 0x00, 0x00, 0x00, 0x00, 0x00, 0x00, 0x00, 0x00, 0x00, 0x00, 0x00, 0xff, 0xff, 0x00, 0x00, 0x00, 0x00, 0x00, 0x00, 0x00, 0xff, 0xff, 0x00, 0x00, 0x00, 0x00, 0x00, 0x00, 0xff, 0xff, 0xff, 0xff, 0xff, 0xff, 0xff, 0xff, 0xff, 0xff, 0xff, 0xff, 0xff, 0xff, 0xff, 0xff, 0xff, 0xff, 0xff, 0xff, 0xff, 0xff, 0xff, 0xff, 0xff, 0xff, 0xff, 0xff, 0xff, 0xff, 0xff, 0xff, 0xff, 0xff, 0xff, 0xff, 0xff, 0xff, 0xff, 0xff, 0xff, 0xff, 0xff, 0xff, 0xff, 0xff, 0xff, 0xff, 0xff, 0xff, 0xff, 0xff, 0xff, 0xff, 0xff, 0xff, 0xff, 0xff, 0xff, 0xff, 0xff, 0xff, 0xff, 0xff, 0xff, 0xff, 0xff, 0xff, 0xff, 0xff, 0xff, 0xff, 0xff, 0xff, 0xff, 0xff, 0xff, 0xff, 0xff, 0xff, 0xff, 0xff, 0xff, 0xff, 0xff, 0xff, 0xff, 0xff, 0xff, 0xff, 0xff, 0xff, 0xff, 0xff, 0xff, 0xff, 0xff, 0xff, 0xff, 0xff, 0xff, 0xff, 0xff, 0xff, 0xff,
  0xff, 0xff, 0xff, 0xff, 0xff, 0xff, 0xff, 0xff, 0xff, 0xff, 0xff, 0xff, 0xff, 0xff, 0xff, 0xff, 0xff, 0xff, 0xff, 0xff, 0xff, 0xff, 0xff, 0xff, 0xff, 0xff, 0xff, 0xff, 0xff, 0xff, 0xff, 0xff, 0xff, 0xff, 0xff, 0xff, 0xff, 0xff, 0xff, 0xff, 0xff, 0xff, 0xff, 0xff, 0xff, 0xff, 0xff, 0xff, 0xff, 0xff, 0xff, 0xff, 0xff, 0xff, 0xff, 0xff, 0xff, 0xff, 0xff, 0xff, 0xff, 0xff, 0xff, 0xff, 0xff, 0xff, 0xff, 0xff, 0xff, 0xff, 0xff, 0xff, 0xff, 0xff, 0xff, 0xff, 0xff, 0xff, 0xff, 0xff, 0xff, 0xff, 0xff, 0xff, 0xff, 0xff, 0xff, 0xff, 0xff, 0xff, 0xff, 0xff, 0xff, 0xff, 0xff, 0xff, 0xff, 0xff, 0xff, 0xff, 0xff, 0xff, 0xff, 0xff, 0xff, 0x00, 0x00, 0x00, 0x00, 0x00, 0x00, 0x00, 0x00, 0x00, 0x00, 0x00, 0x00, 0x00, 0xff, 0xff, 0x00, 0x00, 0x00, 0x00, 0x00, 0xff, 0xff, 0xff, 0xff, 0xff, 0xff, 0xff, 0xff, 0xff, 0xff, 0x00, 0x00, 0x00, 0x00, 0x00, 0x00, 0x00, 0x00, 0x00, 0x00, 0x00, 0x00, 0x00, 0xff, 0xff, 0x00, 0x00, 0x00, 0x00, 0x00, 0x00, 0x00, 0xff, 0xff, 0x00, 0x00, 0x00, 0x00, 0x00, 0x00, 0xff, 0xff, 0xff, 0xff, 0xff, 0xff, 0xff, 0xff, 0xff, 0xff, 0xff, 0xff, 0xff, 0xff, 0xff, 0xff, 0xff, 0xff, 0xff, 0xff, 0xff, 0xff, 0xff, 0xff, 0xff, 0xff, 0xff, 0xff, 0xff, 0xff, 0xff, 0xff, 0xff, 0xff, 0xff, 0xff, 0xff, 0xff, 0xff, 0xff, 0xff, 0xff, 0xff, 0xff, 0xff, 0xff, 0xff, 0xff, 0xff, 0xff, 0xff, 0xff, 0xff, 0xff, 0xff, 0xff, 0xff, 0xff, 0xff, 0xff, 0xff, 0xff, 0xff, 0xff, 0xff, 0xff, 0xff, 0xff, 0xff, 0xff, 0xff, 0xff, 0xff, 0xff, 0xff, 0xff, 0xff, 0xff, 0xff, 0xff, 0xff, 0xff, 0xff, 0xff, 0xff, 0xff, 0xff, 0xff, 0xff, 0xff, 0xff, 0xff, 0xff, 0xff, 0xff, 0xff, 0xff, 0xff, 0xff, 0xff, 0xff, 0xff, 0xff, 0xff, 0xff,
  0xff, 0xff, 0xff, 0xff, 0xff, 0xff, 0xff, 0xff, 0xff, 0xff, 0xff, 0xff, 0xff, 0xff, 0xff, 0xff, 0xff, 0xff, 0xff, 0xff, 0xff, 0xff, 0xff, 0xff, 0xff, 0xff, 0xff, 0xff, 0xff, 0xff, 0xff, 0xff, 0xff, 0xff, 0xff, 0xff, 0xff, 0xff, 0xff, 0xff, 0xff, 0xff, 0xff, 0xff, 0xff, 0xff, 0xff, 0xff, 0xff, 0xff, 0xff, 0xff, 0xff, 0xff, 0xff, 0xff, 0xff, 0xff, 0xff, 0xff, 0xff, 0xff, 0xff, 0xff, 0xff, 0xff, 0xff, 0xff, 0xff, 0xff, 0xff, 0xff, 0xff, 0xff, 0xff, 0xff, 0xff, 0xff, 0xff, 0xff, 0xff, 0xff, 0xff, 0xff, 0xff, 0xff, 0xff, 0xff, 0xff, 0xff, 0xff, 0xff, 0xff, 0xff, 0xff, 0xff, 0xff, 0xff, 0xff, 0xff, 0xff, 0xff, 0xff, 0xff, 0xff, 0x00, 0x00, 0x00, 0x00, 0x00, 0x00, 0x00, 0x00, 0x00, 0x00, 0x00, 0x00, 0x00, 0xff, 0xff, 0x00, 0x00, 0x00, 0x00, 0x00, 0xff, 0xff, 0xff, 0xff, 0xff, 0xff, 0xff, 0xff, 0xff, 0xff, 0x00, 0x00, 0x00, 0x00, 0x00, 0x00, 0x00, 0x00, 0x00, 0x00, 0x00, 0x00, 0x00, 0xff, 0xff, 0x00, 0x00, 0x00, 0x00, 0x00, 0x00, 0x00, 0x00, 0x00, 0x00, 0x00, 0x00, 0x00, 0x00, 0x00, 0xff, 0xff, 0xff, 0xff, 0xff, 0xff, 0xff, 0xff, 0xff, 0xff, 0xff, 0xff, 0xff, 0xff, 0xff, 0xff, 0xff, 0xff, 0xff, 0xff, 0xff, 0xff, 0xff, 0xff, 0xff, 0xff, 0xff, 0xff, 0xff, 0xff, 0xff, 0xff, 0xff, 0xff, 0xff, 0xff, 0xff, 0xff, 0xff, 0xff, 0xff, 0xff, 0xff, 0xff, 0xff, 0xff, 0xff, 0xff, 0xff, 0xff, 0xff, 0xff, 0xff, 0xff, 0xff, 0xff, 0xff, 0xff, 0xff, 0xff, 0xff, 0xff, 0xff, 0xff, 0xff, 0xff, 0xff, 0xff, 0xff, 0xff, 0xff, 0xff, 0xff, 0xff, 0xff, 0xff, 0xff, 0xff, 0xff, 0xff, 0xff, 0xff, 0xff, 0xff, 0xff, 0xff, 0xff, 0xff, 0xff, 0xff, 0xff, 0xff, 0xff, 0xff, 0xff, 0xff, 0xff, 0xff, 0xff, 0xff, 0xff, 0xff, 0xff, 0xff, 0xff,
  0xff, 0xff, 0xff, 0xff, 0xff, 0xff, 0xff, 0xff, 0xff, 0xff, 0xff, 0xff, 0xff, 0xff, 0xff, 0xff, 0xff, 0xff, 0xff, 0xff, 0xff, 0xff, 0xff, 0xff, 0xff, 0xff, 0xff, 0xff, 0xff, 0xff, 0xff, 0xff, 0xff, 0xff, 0xff, 0xff, 0xff, 0xff, 0xff, 0xff, 0xff, 0xff, 0xff, 0xff, 0xff, 0xff, 0xff, 0xff, 0xff, 0xff, 0xff, 0xff, 0xff, 0xff, 0xff, 0xff, 0xff, 0xff, 0xff, 0xff, 0xff, 0xff, 0xff, 0xff, 0xff, 0xff, 0xff, 0xff, 0xff, 0xff, 0xff, 0xff, 0xff, 0xff, 0xff, 0xff, 0xff, 0xff, 0xff, 0xff, 0xff, 0xff, 0xff, 0xff, 0xff, 0xff, 0xff, 0xff, 0xff, 0xff, 0xff, 0xff, 0xff, 0xff, 0xff, 0xff, 0xff, 0xff, 0xff, 0xff, 0xff, 0xff, 0xff, 0xff, 0xff, 0x00, 0x00, 0x00, 0x00, 0x00, 0x00, 0x00, 0x00, 0x00, 0x00, 0x00, 0x00, 0x00, 0xff, 0xff, 0x00, 0x00, 0x00, 0x00, 0x00, 0xff, 0xff, 0xff, 0xff, 0xff, 0xff, 0xff, 0xff, 0xff, 0xff, 0x00, 0x00, 0x00, 0x00, 0x00, 0x00, 0x00, 0x00, 0x00, 0x00, 0x00, 0x00, 0x00, 0xff, 0xff, 0x00, 0x00, 0x00, 0x00, 0x00, 0x00, 0x00, 0x00, 0x00, 0x00, 0x00, 0x00, 0x00, 0x00, 0x00, 0xff, 0xff, 0xff, 0xff, 0xff, 0xff, 0xff, 0xff, 0xff, 0xff, 0xff, 0xff, 0xff, 0xff, 0xff, 0xff, 0xff, 0xff, 0xff, 0xff, 0xff, 0xff, 0xff, 0xff, 0xff, 0xff, 0xff, 0xff, 0xff, 0xff, 0xff, 0xff, 0xff, 0xff, 0xff, 0xff, 0xff, 0xff, 0xff, 0xff, 0xff, 0xff, 0xff, 0xff, 0xff, 0xff, 0xff, 0xff, 0xff, 0xff, 0xff, 0xff, 0xff, 0xff, 0xff, 0xff, 0xff, 0xff, 0xff, 0xff, 0xff, 0xff, 0xff, 0xff, 0xff, 0xff, 0xff, 0xff, 0xff, 0xff, 0xff, 0xff, 0xff, 0xff, 0xff, 0xff, 0xff, 0xff, 0xff, 0xff, 0xff, 0xff, 0xff, 0xff, 0xff, 0xff, 0xff, 0xff, 0xff, 0xff, 0xff, 0xff, 0xff, 0xff, 0xff, 0xff, 0xff, 0xff, 0xff, 0xff, 0xff, 0xff, 0xff, 0xff, 0xff,
  0xff, 0xff, 0xff, 0xff, 0xff, 0xff, 0xff, 0xff, 0xff, 0xff, 0xff, 0xff, 0xff, 0xff, 0xff, 0xff, 0xff, 0xff, 0xff, 0xff, 0xff, 0xff, 0xff, 0xff, 0xff, 0xff, 0xff, 0xff, 0xff, 0xff, 0xff, 0xff, 0xff, 0xff, 0xff, 0xff, 0xff, 0xff, 0xff, 0xff, 0xff, 0xff, 0xff, 0xff, 0xff, 0xff, 0xff, 0xff, 0xff, 0xff, 0xff, 0xff, 0xff, 0xff, 0xff, 0xff, 0xff, 0xff, 0xff, 0xff, 0xff, 0xff, 0xff, 0xff, 0xff, 0xff, 0xff, 0xff, 0xff, 0xff, 0xff, 0xff, 0xff, 0xff, 0xff, 0xff, 0xff, 0xff, 0xff, 0xff, 0xff, 0xff, 0xff, 0xff, 0xff, 0xff, 0xff, 0xff, 0xff, 0xff, 0xff, 0xff, 0xff, 0xff, 0xff, 0xff, 0xff, 0xff, 0xff, 0xff, 0xff, 0xff, 0xff, 0xff, 0xff, 0x00, 0x00, 0x00, 0x00, 0x00, 0xff, 0xff, 0xff, 0xff, 0xff, 0xff, 0xff, 0xff, 0xff, 0xff, 0x00, 0x00, 0x00, 0x00, 0x00, 0xff, 0xff, 0xff, 0xff, 0xff, 0xff, 0xff, 0xff, 0xff, 0xff, 0x00, 0x00, 0x00, 0x00, 0x00, 0x00, 0x00, 0x00, 0x00, 0x00, 0x00, 0x00, 0x00, 0xff, 0xff, 0x00, 0x00, 0x00, 0x00, 0x00, 0x00, 0x00, 0x00, 0x00, 0x00, 0x00, 0x00, 0x00, 0x00, 0x00, 0xff, 0xff, 0xff, 0xff, 0xff, 0xff, 0xff, 0xff, 0xff, 0xff, 0xff, 0xff, 0xff, 0xff, 0xff, 0xff, 0xff, 0xff, 0xff, 0xff, 0xff, 0xff, 0xff, 0xff, 0xff, 0xff, 0xff, 0xff, 0xff, 0xff, 0xff, 0xff, 0xff, 0xff, 0xff, 0xff, 0xff, 0xff, 0xff, 0xff, 0xff, 0xff, 0xff, 0xff, 0xff, 0xff, 0xff, 0xff, 0xff, 0xff, 0xff, 0xff, 0xff, 0xff, 0xff, 0xff, 0xff, 0xff, 0xff, 0xff, 0xff, 0xff, 0xff, 0xff, 0xff, 0xff, 0xff, 0xff, 0xff, 0xff, 0xff, 0xff, 0xff, 0xff, 0xff, 0xff, 0xff, 0xff, 0xff, 0xff, 0xff, 0xff, 0xff, 0xff, 0xff, 0xff, 0xff, 0xff, 0xff, 0xff, 0xff, 0xff, 0xff, 0xff, 0xff, 0xff, 0xff, 0xff, 0xff, 0xff, 0xff, 0xff, 0xff, 0xff, 0xff,
  0xff, 0xff, 0xff, 0xff, 0xff, 0xff, 0xff, 0xff, 0xff, 0xff, 0xff, 0xff, 0xff, 0xff, 0xff, 0xff, 0xff, 0xff, 0xff, 0xff, 0xff, 0xff, 0xff, 0xff, 0xff, 0xff, 0xff, 0xff, 0xff, 0xff, 0xff, 0xff, 0xff, 0xff, 0xff, 0xb6, 0xff, 0xff, 0xff, 0xff, 0xff, 0xff, 0xff, 0xff, 0xff, 0xff, 0xff, 0xff, 0xff, 0xff, 0xff, 0xff, 0xff, 0xff, 0xff, 0xff, 0xff, 0xff, 0xff, 0xff, 0xff, 0xff, 0xff, 0xff, 0xff, 0xff, 0xff, 0xff, 0xff, 0xff, 0xff, 0xff, 0xff, 0xff, 0xff, 0xff, 0xff, 0xff, 0xff, 0xff, 0xff, 0xff, 0xff, 0xff, 0xff, 0xff, 0xff, 0xff, 0xff, 0xff, 0xff, 0xff, 0xff, 0xff, 0xff, 0xff, 0xff, 0xff, 0xff, 0xff, 0xff, 0xff, 0xff, 0xff, 0xff, 0x00, 0x00, 0x00, 0x00, 0x00, 0x00, 0x00, 0x00, 0x00, 0x00, 0x00, 0x00, 0x00, 0xff, 0xff, 0x00, 0x00, 0x00, 0x00, 0x00, 0xff, 0xff, 0xff, 0xff, 0xff, 0xff, 0xff, 0xff, 0xff, 0xff, 0x00, 0x00, 0x00, 0x00, 0x00, 0xff, 0xff, 0xff, 0x00, 0x00, 0x00, 0x00, 0x00, 0xff, 0xff, 0x00, 0x00, 0x00, 0x00, 0x00, 0x00, 0x00, 0x00, 0x00, 0x00, 0x00, 0x00, 0x00, 0x00, 0x00, 0xff, 0xff, 0xff, 0xff, 0xff, 0xff, 0xff, 0xff, 0xff, 0xff, 0xff, 0xff, 0xff, 0xff, 0xff, 0xff, 0xff, 0xff, 0xff, 0xff, 0xff, 0xff, 0xff, 0xff, 0xff, 0xff, 0xff, 0xff, 0xff, 0xff, 0xff, 0xff, 0xff, 0xff, 0xff, 0xff, 0xff, 0xff, 0xff, 0xff, 0xff, 0xff, 0xff, 0xff, 0xff, 0xff, 0xff, 0xff, 0xff, 0xff, 0xff, 0xff, 0xff, 0xff, 0xff, 0xff, 0xff, 0xff, 0xff, 0xff, 0xff, 0xff, 0xff, 0xff, 0xff, 0xff, 0xff, 0xff, 0xff, 0xff, 0xff, 0xff, 0xff, 0xff, 0xff, 0xff, 0xff, 0xff, 0xff, 0xff, 0xff, 0xff, 0xff, 0xff, 0xff, 0xff, 0xff, 0xff, 0xff, 0xff, 0xff, 0xff, 0xff, 0xff, 0xff, 0xff, 0xff, 0xff, 0xff, 0xff, 0xff, 0xff, 0xff, 0xff, 0xff,
  0xff, 0xff, 0xff, 0xff, 0xff, 0xff, 0xff, 0xff, 0xff, 0xff, 0xff, 0xff, 0xff, 0xff, 0xff, 0xff, 0xff, 0xff, 0xff, 0xff, 0xff, 0xff, 0xff, 0xff, 0xff, 0xff, 0xff, 0xff, 0xff, 0xff, 0xff, 0xff, 0xff, 0xff, 0xff, 0xff, 0xff, 0xff, 0xff, 0xff, 0xff, 0xff, 0xff, 0xff, 0xff, 0xff, 0xff, 0xff, 0xff, 0xff, 0xff, 0xff, 0xff, 0xff, 0xff, 0xff, 0xff, 0xff, 0xff, 0xff, 0xff, 0xff, 0xff, 0xff, 0xff, 0xff, 0xff, 0xff, 0xff, 0xff, 0xff, 0xff, 0xff, 0xff, 0xff, 0xff, 0xff, 0xff, 0xff, 0xff, 0xff, 0xff, 0xff, 0xff, 0xff, 0xff, 0xff, 0xff, 0xff, 0xff, 0xff, 0xff, 0xff, 0xff, 0xff, 0xff, 0xff, 0xff, 0xff, 0xff, 0xff, 0xff, 0xff, 0xff, 0xff, 0x00, 0x00, 0x00, 0x00, 0x00, 0x00, 0x00, 0x00, 0x00, 0x00, 0x00, 0x00, 0x00, 0xff, 0xff, 0x00, 0x00, 0x00, 0x00, 0x00, 0xff, 0xff, 0xff, 0xff, 0xff, 0xff, 0xff, 0xff, 0xff, 0xff, 0x00, 0x00, 0x00, 0x00, 0x00, 0xff, 0xff, 0xff, 0x00, 0x00, 0x00, 0x00, 0x00, 0xff, 0xff, 0x00, 0x00, 0x00, 0x00, 0x00, 0x00, 0x00, 0x00, 0x00, 0x00, 0x00, 0x00, 0x00, 0x00, 0x00, 0xff, 0xff, 0xff, 0xff, 0xff, 0xff, 0xff, 0xff, 0xff, 0xff, 0xff, 0xff, 0xff, 0xff, 0xff, 0xff, 0xff, 0xff, 0xff, 0xff, 0xff, 0xff, 0xff, 0xff, 0xff, 0xff, 0xff, 0xff, 0xff, 0xff, 0xff, 0xff, 0xff, 0xff, 0xff, 0xff, 0xff, 0xff, 0xff, 0xff, 0xff, 0xff, 0xff, 0xff, 0xff, 0xff, 0xff, 0xff, 0xff, 0xff, 0xff, 0xff, 0xff, 0xff, 0xff, 0xff, 0xff, 0xff, 0xff, 0xff, 0xff, 0xff, 0xff, 0xff, 0xff, 0xff, 0xff, 0xff, 0xff, 0xff, 0xff, 0xff, 0xff, 0xff, 0xff, 0xff, 0xff, 0xff, 0xff, 0xff, 0xff, 0xff, 0xff, 0xff, 0xff, 0xff, 0xff, 0xff, 0xff, 0xff, 0xff, 0xff, 0xff, 0xff, 0xff, 0xff, 0xff, 0xff, 0xff, 0xff, 0xff, 0xff, 0xff, 0xff, 0xff,
  0xff, 0xff, 0xff, 0xff, 0xff, 0xff, 0xff, 0xff, 0xff, 0xff, 0xff, 0xff, 0xff, 0xff, 0xff, 0xff, 0xff, 0xff, 0xff, 0xff, 0xff, 0xff, 0xff, 0xff, 0xff, 0xff, 0xff, 0xff, 0xff, 0xff, 0xff, 0xff, 0xff, 0xff, 0xff, 0xff, 0xff, 0xff, 0xff, 0xff, 0xff, 0xff, 0xff, 0xff, 0xff, 0xff, 0xff, 0xff, 0xff, 0xff, 0xff, 0xff, 0xff, 0xff, 0xff, 0xff, 0xff, 0xff, 0xff, 0xff, 0xff, 0xff, 0xff, 0xff, 0xff, 0xff, 0xff, 0xff, 0xff, 0xff, 0xff, 0xff, 0xff, 0xff, 0xff, 0xff, 0xff, 0xff, 0xff, 0xff, 0xff, 0xff, 0xff, 0xff, 0xff, 0xff, 0xff, 0xff, 0xff, 0xff, 0xff, 0xff, 0xff, 0xff, 0xff, 0xff, 0xff, 0xff, 0xff, 0xff, 0xff, 0xff, 0xff, 0xff, 0xff, 0x00, 0x00, 0x00, 0x00, 0x00, 0x00, 0x00, 0x00, 0x00, 0x00, 0x00, 0x00, 0x00, 0xff, 0xff, 0x00, 0x00, 0x00, 0x00, 0x00, 0xff, 0xff, 0xff, 0xff, 0xff, 0xff, 0xff, 0xff, 0xff, 0xff, 0x00, 0x00, 0x00, 0x00, 0x00, 0x00, 0x00, 0x00, 0x00, 0x00, 0x00, 0x00, 0x00, 0xff, 0xff, 0x00, 0x00, 0x00, 0x00, 0x00, 0x00, 0x00, 0x00, 0x00, 0x00, 0x00, 0x00, 0x00, 0x00, 0x00, 0xff, 0xff, 0xff, 0xff, 0xff, 0xff, 0xff, 0xff, 0xff, 0xff, 0xff, 0xff, 0xff, 0xff, 0xff, 0xff, 0xff, 0xff, 0xff, 0xff, 0xff, 0xff, 0xff, 0xff, 0xff, 0xff, 0xff, 0xff, 0xff, 0xff, 0xff, 0xff, 0xff, 0xff, 0xff, 0xff, 0xff, 0xff, 0xff, 0xff, 0xff, 0xff, 0xff, 0xff, 0xff, 0xff, 0xff, 0xff, 0xff, 0xff, 0xff, 0xff, 0xff, 0xff, 0xff, 0xff, 0xff, 0xff, 0xff, 0xff, 0xff, 0xff, 0xff, 0xff, 0xff, 0xff, 0xff, 0xff, 0xff, 0xff, 0xff, 0xff, 0xff, 0xff, 0xff, 0xff, 0xff, 0xff, 0xff, 0xff, 0xff, 0xff, 0xff, 0xff, 0xff, 0xff, 0xff, 0xff, 0xff, 0xff, 0xff, 0xff, 0xff, 0xff, 0xff, 0xff, 0xff, 0xff, 0xff, 0xff, 0xff, 0xff, 0xff, 0xff, 0xff,
  0xff, 0xff, 0xff, 0xff, 0xff, 0xff, 0xff, 0xff, 0xff, 0xff, 0xff, 0xff, 0xff, 0xff, 0xff, 0xff, 0xff, 0xff, 0xff, 0xff, 0xff, 0xff, 0xff, 0xff, 0xff, 0xff, 0xff, 0xff, 0xff, 0xff, 0xff, 0xff, 0xb6, 0xff, 0xff, 0xff, 0xff, 0xff, 0xff, 0xff, 0xff, 0xff, 0xff, 0xff, 0xff, 0xff, 0xff, 0xff, 0xff, 0xff, 0xff, 0xff, 0xff, 0xff, 0xff, 0xff, 0xff, 0xff, 0xff, 0xff, 0xff, 0xff, 0xff, 0xff, 0xff, 0xff, 0xff, 0xff, 0xff, 0xff, 0xff, 0xff, 0xff, 0xff, 0xff, 0xff, 0xff, 0xff, 0xff, 0xff, 0xff, 0xff, 0xff, 0xff, 0xff, 0xff, 0xff, 0xff, 0xff, 0xff, 0xff, 0xff, 0xff, 0xff, 0xff, 0xff, 0xff, 0xff, 0xff, 0xff, 0xff, 0xff, 0xff, 0xff, 0xff, 0x00, 0x00, 0x00, 0x00, 0x00, 0x00, 0x00, 0x00, 0x00, 0x00, 0x00, 0x00, 0x00, 0xff, 0xff, 0x00, 0x00, 0x00, 0x00, 0x00, 0xff, 0xff, 0xff, 0xff, 0xff, 0xff, 0xff, 0xff, 0xff, 0xff, 0x00, 0x00, 0x00, 0x00, 0x00, 0x00, 0x00, 0x00, 0x00, 0x00, 0x00, 0x00, 0x00, 0xff, 0xff, 0x00, 0x00, 0x00, 0x00, 0x00, 0x00, 0x00, 0x00, 0x00, 0x00, 0x00, 0x00, 0x00, 0x00, 0x00, 0xff, 0xff, 0xff, 0xff, 0xff, 0xff, 0xff, 0xff, 0xff, 0xff, 0xff, 0xff, 0xff, 0xff, 0xff, 0xff, 0xff, 0xff, 0xff, 0xff, 0xff, 0xff, 0xff, 0xff, 0xff, 0xff, 0xff, 0xff, 0xff, 0xff, 0xff, 0xff, 0xff, 0xff, 0xff, 0xff, 0xff, 0xff, 0xff, 0xff, 0xff, 0xff, 0xff, 0xff, 0xff, 0xff, 0xff, 0xff, 0xff, 0xff, 0xff, 0xff, 0xff, 0xff, 0xff, 0xff, 0xff, 0xff, 0xff, 0xff, 0xff, 0xff, 0xff, 0xff, 0xff, 0xff, 0xff, 0xff, 0xff, 0xff, 0xff, 0xff, 0xff, 0xff, 0xff, 0xff, 0xff, 0xff, 0xff, 0xff, 0xff, 0xff, 0xff, 0xff, 0xff, 0xff, 0xff, 0xff, 0xff, 0xff, 0xff, 0xff, 0xff, 0xff, 0xff, 0xff, 0xff, 0xff, 0xff, 0xff, 0xff, 0xff, 0xff, 0xff, 0xff,
  0xff, 0xff, 0xff, 0xff, 0xff, 0xff, 0xff, 0xff, 0xff, 0xff, 0xff, 0xff, 0xff, 0xff, 0xff, 0xff, 0xff, 0xff, 0xff, 0xff, 0xff, 0xff, 0xff, 0xff, 0xff, 0xff, 0xff, 0xff, 0xff, 0xff, 0xff, 0xff, 0xff, 0xff, 0xff, 0xff, 0xff, 0xff, 0xff, 0xff, 0xff, 0xff, 0xff, 0xff, 0xff, 0xff, 0xff, 0xff, 0xff, 0xff, 0xff, 0xff, 0xff, 0xff, 0xff, 0xff, 0xff, 0xff, 0xff, 0xff, 0xff, 0xff, 0xff, 0xff, 0xff, 0xff, 0xff, 0xff, 0xff, 0xff, 0xff, 0xff, 0xff, 0xff, 0xff, 0xff, 0xff, 0xff, 0xff, 0xff, 0xff, 0xff, 0xff, 0xff, 0xff, 0xff, 0xff, 0xff, 0xff, 0xff, 0xff, 0xff, 0xff, 0xff, 0xff, 0xff, 0xff, 0xff, 0xff, 0xff, 0xff, 0xff, 0xff, 0xff, 0xff, 0x00, 0x00, 0x00, 0x00, 0x00, 0x00, 0x00, 0x00, 0x00, 0x00, 0x00, 0x00, 0x00, 0xff, 0xff, 0x00, 0x00, 0x00, 0x00, 0x00, 0xff, 0xff, 0xff, 0xff, 0xff, 0xff, 0xff, 0xff, 0xff, 0xff, 0x00, 0x00, 0x00, 0x00, 0x00, 0x00, 0x00, 0x00, 0x00, 0x00, 0x00, 0x00, 0x00, 0xff, 0xff, 0x00, 0x00, 0x00, 0x00, 0x00, 0x00, 0x00, 0x00, 0x00, 0x00, 0x00, 0x00, 0x00, 0x00, 0x00, 0xff, 0xff, 0xff, 0xff, 0xff, 0xff, 0xff, 0xff, 0xff, 0xff, 0xff, 0xff, 0xff, 0xff, 0xff, 0xff, 0xff, 0xff, 0xff, 0xff, 0xff, 0xff, 0xff, 0xff, 0xff, 0xff, 0xff, 0xff, 0xff, 0xff, 0xff, 0xff, 0xff, 0xff, 0xff, 0xff, 0xff, 0xff, 0xff, 0xff, 0xff, 0xff, 0xff, 0xff, 0xff, 0xff, 0xff, 0xff, 0xff, 0xff, 0xff, 0xff, 0xff, 0xff, 0xff, 0xff, 0xff, 0xff, 0xff, 0xff, 0xff, 0xff, 0xff, 0xff, 0xff, 0xff, 0xff, 0xff, 0xff, 0xff, 0xff, 0xff, 0xff, 0xff, 0xff, 0xff, 0xff, 0xff, 0xff, 0xff, 0xff, 0xff, 0xff, 0xff, 0xff, 0xff, 0xff, 0xff, 0xff, 0xff, 0xff, 0xff, 0xff, 0xff, 0xff, 0xff, 0xff, 0xff, 0xff, 0xff, 0xff, 0xff, 0xff, 0xff, 0xff,
  0xff, 0xff, 0xff, 0xff, 0xff, 0xff, 0xff, 0xff, 0xff, 0xff, 0xff, 0xff, 0xff, 0xff, 0xff, 0xff, 0xff, 0xff, 0xff, 0xff, 0xff, 0xff, 0xff, 0xff, 0xff, 0xff, 0xff, 0xff, 0xff, 0xff, 0xff, 0xff, 0xff, 0xff, 0xff, 0xff, 0xff, 0xff, 0xff, 0xff, 0xff, 0xff, 0xff, 0xff, 0xff, 0xff, 0xff, 0xff, 0xff, 0xff, 0xff, 0xff, 0xff, 0xff, 0xff, 0xff, 0xff, 0xff, 0xff, 0xff, 0xff, 0xff, 0xff, 0xff, 0xff, 0xff, 0xff, 0xff, 0xff, 0xff, 0xff, 0xff, 0xff, 0xff, 0xff, 0xff, 0xff, 0xff, 0xff, 0xff, 0xff, 0xff, 0xff, 0xff, 0xff, 0xff, 0xff, 0xff, 0xff, 0xff, 0xff, 0xff, 0xff, 0xff, 0xff, 0xff, 0xff, 0xff, 0xff, 0xff, 0xff, 0xff, 0xff, 0xff, 0xff, 0xff, 0xff, 0xff, 0xff, 0xff, 0xff, 0xff, 0xff, 0x00, 0x00, 0x00, 0x00, 0x00, 0xff, 0xff, 0x00, 0x00, 0x00, 0x00, 0x00, 0xff, 0xff, 0xff, 0xff, 0xff, 0xff, 0xff, 0xff, 0xff, 0xff, 0x00, 0x00, 0x00, 0x00, 0x00, 0x00, 0x00, 0x00, 0x00, 0x00, 0x00, 0x00, 0x00, 0xff, 0xff, 0x00, 0x00, 0x00, 0x00, 0x00, 0x00, 0x00, 0x00, 0x00, 0x00, 0x00, 0x00, 0x00, 0x00, 0x00, 0xff, 0xff, 0xff, 0xff, 0xff, 0xff, 0xff, 0xff, 0xff, 0xff, 0xff, 0xff, 0xff, 0xff, 0xff, 0xff, 0xff, 0xff, 0xff, 0xff, 0xff, 0xff, 0xff, 0xff, 0xff, 0xff, 0xff, 0xff, 0xff, 0xff, 0xff, 0xff, 0xff, 0xff, 0xff, 0xff, 0xff, 0xff, 0xff, 0xff, 0xff, 0xff, 0xff, 0xff, 0xff, 0xff, 0xff, 0xff, 0xff, 0xff, 0xff, 0xff, 0xff, 0xff, 0xff, 0xff, 0xff, 0xff, 0xff, 0xff, 0xff, 0xff, 0xff, 0xff, 0xff, 0xff, 0xff, 0xff, 0xff, 0xff, 0xff, 0xff, 0xff, 0xff, 0xff, 0xff, 0xff, 0xff, 0xff, 0xff, 0xff, 0xff, 0xff, 0xff, 0xff, 0xff, 0xff, 0xff, 0xff, 0xff, 0xff, 0xff, 0xff, 0xff, 0xff, 0xff, 0xff, 0xff, 0xff, 0xff, 0xff, 0xff, 0xff, 0xff, 0xff,
  0xff, 0xff, 0xff, 0xff, 0xff, 0xff, 0xff, 0xff, 0xff, 0xff, 0xff, 0xff, 0xff, 0xff, 0xff, 0xff, 0xff, 0xff, 0xff, 0xff, 0xff, 0xff, 0xff, 0xff, 0xff, 0xff, 0xff, 0xff, 0xff, 0xff, 0xff, 0xff, 0xff, 0xff, 0xff, 0xff, 0xff, 0xff, 0xff, 0xff, 0xff, 0xff, 0xff, 0xff, 0xff, 0xff, 0xff, 0xff, 0xff, 0xff, 0xff, 0xff, 0xff, 0xff, 0xff, 0xff, 0xff, 0xff, 0xff, 0xff, 0xff, 0xff, 0xff, 0xff, 0xff, 0xff, 0xff, 0xff, 0xff, 0xff, 0xff, 0xff, 0xff, 0xff, 0xff, 0xff, 0xff, 0xff, 0xff, 0xff, 0xff, 0xff, 0xff, 0xff, 0xff, 0xff, 0xff, 0xff, 0xff, 0xff, 0xff, 0xff, 0xff, 0xff, 0xff, 0xff, 0xff, 0xff, 0xff, 0xff, 0xff, 0xff, 0xff, 0xff, 0xff, 0xff, 0xff, 0xff, 0xff, 0xff, 0xff, 0xff, 0xff, 0x00, 0x00, 0x00, 0x00, 0x00, 0xff, 0xff, 0x00, 0x00, 0x00, 0x00, 0x00, 0xff, 0xff, 0xff, 0xff, 0xff, 0xff, 0xff, 0xff, 0xff, 0xff, 0x00, 0x00, 0x00, 0x00, 0x00, 0x00, 0x00, 0x00, 0x00, 0x00, 0x00, 0x00, 0x00, 0xff, 0xff, 0x00, 0x00, 0x00, 0x00, 0x00, 0x00, 0x00, 0x00, 0x00, 0x00, 0x00, 0x00, 0x00, 0x00, 0x00, 0xff, 0xff, 0xff, 0xff, 0xff, 0xff, 0xff, 0xff, 0xff, 0xff, 0xff, 0xff, 0xff, 0xff, 0xff, 0xff, 0xff, 0xff, 0xff, 0xff, 0xff, 0xff, 0xff, 0xff, 0xff, 0xff, 0xff, 0xff, 0xff, 0xff, 0xff, 0xff, 0xff, 0xff, 0xff, 0xff, 0xff, 0xff, 0xff, 0xff, 0xff, 0xff, 0xff, 0xff, 0xff, 0xff, 0xff, 0xff, 0xff, 0xff, 0xff, 0xff, 0xff, 0xff, 0xff, 0xff, 0xff, 0xff, 0xff, 0xff, 0xff, 0xff, 0xff, 0xff, 0xff, 0xff, 0xff, 0xff, 0xff, 0xff, 0xff, 0xff, 0xff, 0xff, 0xff, 0xff, 0xff, 0xff, 0xff, 0xff, 0xff, 0xff, 0xff, 0xff, 0xff, 0xff, 0xff, 0xff, 0xff, 0xff, 0xff, 0xff, 0xff, 0xff, 0xff, 0xff, 0xff, 0xff, 0xff, 0xff, 0xff, 0xff, 0xff, 0xff, 0xff,
  0xff, 0xff, 0xff, 0xff, 0xff, 0xff, 0xff, 0xff, 0xff, 0xff, 0xff, 0xff, 0xff, 0xff, 0xff, 0xff, 0xff, 0xff, 0xff, 0xff, 0xff, 0xff, 0xff, 0xff, 0xff, 0xff, 0xff, 0xff, 0xff, 0xb6, 0xff, 0xff, 0xff, 0xff, 0xff, 0xff, 0xff, 0xff, 0xff, 0xff, 0xff, 0xff, 0xff, 0xff, 0xff, 0xff, 0xff, 0xff, 0xff, 0xff, 0xff, 0xff, 0xff, 0xff, 0xff, 0xff, 0xff, 0xff, 0xff, 0xff, 0xff, 0xff, 0xff, 0xff, 0xff, 0xff, 0xff, 0xff, 0xff, 0xff, 0xff, 0xff, 0xff, 0xff, 0xff, 0xff, 0xff, 0xff, 0xff, 0xff, 0xff, 0xff, 0xff, 0xff, 0xff, 0xff, 0xff, 0xff, 0xff, 0xff, 0xff, 0xff, 0xff, 0xff, 0xff, 0xff, 0xff, 0xff, 0xff, 0xff, 0xff, 0xff, 0xff, 0xff, 0xff, 0x00, 0x00, 0x00, 0x00, 0x00, 0x00, 0x00, 0x00, 0x00, 0x00, 0x00, 0x00, 0x00, 0xff, 0xff, 0x00, 0x00, 0x00, 0x00, 0x00, 0x00, 0x00, 0x00, 0x00, 0x00, 0x00, 0x00, 0x00, 0xff, 0xff, 0x00, 0x00, 0x00, 0x00, 0x00, 0x00, 0x00, 0x00, 0x00, 0x00, 0x00, 0x00, 0x00, 0xff, 0xff, 0x00, 0x00, 0x00, 0xff, 0xff, 0x00, 0x00, 0x00, 0x00, 0x00, 0xff, 0xff, 0x00, 0x00, 0x00, 0xff, 0xff, 0xff, 0xff, 0xff, 0xff, 0xff, 0xff, 0xff, 0xff, 0xff, 0xff, 0xff, 0xff, 0xff, 0xff, 0xff, 0xff, 0xff, 0xff, 0xff, 0xff, 0xff, 0xff, 0xff, 0xff, 0xff, 0xff, 0xff, 0xff, 0xff, 0xff, 0xff, 0xff, 0xff, 0xff, 0xff, 0xff, 0xff, 0xff, 0xff, 0xff, 0xff, 0xff, 0xff, 0xff, 0xff, 0xff, 0xb6, 0xff, 0xff, 0xff, 0xff, 0xff, 0xff, 0xff, 0xff, 0xff, 0xff, 0xff, 0xff, 0xff, 0xff, 0xff, 0xff, 0xff, 0xff, 0xff, 0xff, 0xff, 0xff, 0xff, 0xff, 0xff, 0xff, 0xff, 0xff, 0xff, 0xff, 0xff, 0xff, 0xff, 0xff, 0xff, 0xff, 0xff, 0xff, 0xff, 0xff, 0xff, 0xff, 0xff, 0xff, 0xff, 0xff, 0xff, 0xff, 0xff, 0xff, 0xff, 0xff, 0xff, 0xff, 0xff, 0xff,
  0xff, 0xff, 0xff, 0xff, 0xff, 0xff, 0xff, 0xff, 0xff, 0xff, 0xff, 0xff, 0xff, 0xff, 0xff, 0xff, 0xff, 0xff, 0xff, 0xff, 0xff, 0xff, 0xff, 0xff, 0xff, 0xff, 0xff, 0xff, 0xff, 0xff, 0xff, 0xff, 0xff, 0xff, 0xff, 0xff, 0xff, 0xff, 0xff, 0xff, 0xff, 0xff, 0xff, 0xff, 0xff, 0xff, 0xff, 0xff, 0xff, 0xff, 0xff, 0xff, 0xff, 0xff, 0xff, 0xff, 0xff, 0xff, 0xff, 0xff, 0xff, 0xff, 0xff, 0xff, 0xff, 0xff, 0xff, 0xff, 0xff, 0xff, 0xff, 0xff, 0xff, 0xff, 0xff, 0xff, 0xff, 0xff, 0xff, 0xff, 0xff, 0xff, 0xff, 0xff, 0xff, 0xff, 0xff, 0xff, 0xff, 0xff, 0xff, 0xff, 0xff, 0xff, 0xff, 0xff, 0xff, 0xff, 0xff, 0xff, 0xff, 0xff, 0xff, 0xff, 0xff, 0x00, 0x00, 0x00, 0x00, 0x00, 0x00, 0x00, 0x00, 0x00, 0x00, 0x00, 0x00, 0x00, 0xff, 0xff, 0x00, 0x00, 0x00, 0x00, 0x00, 0x00, 0x00, 0x00, 0x00, 0x00, 0x00, 0x00, 0x00, 0xff, 0xff, 0x00, 0x00, 0x00, 0x00, 0x00, 0x00, 0x00, 0x00, 0x00, 0x00, 0x00, 0x00, 0x00, 0xff, 0xff, 0x00, 0x00, 0x00, 0xff, 0xff, 0x00, 0x00, 0x00, 0x00, 0x00, 0xff, 0xff, 0x00, 0x00, 0x00, 0xff, 0xff, 0xff, 0xff, 0xff, 0xff, 0xff, 0xff, 0xff, 0xff, 0xff, 0xff, 0xff, 0xff, 0xff, 0xff, 0xff, 0xff, 0xff, 0xff, 0xff, 0xff, 0xff, 0xff, 0xff, 0xff, 0xff, 0xff, 0xff, 0xff, 0xff, 0xff, 0xff, 0xff, 0xff, 0xff, 0xff, 0xff, 0xff, 0xff, 0xff, 0xff, 0xff, 0xff, 0xff, 0xff, 0xb6, 0xff, 0xff, 0xff, 0xff, 0xff, 0xff, 0xff, 0xb6, 0xff, 0xff, 0xff, 0xff, 0xb6, 0xff, 0xff, 0xff, 0xff, 0xff, 0xff, 0xff, 0xff, 0xff, 0xff, 0xff, 0xff, 0xff, 0xff, 0xff, 0xff, 0xff, 0xff, 0xff, 0xff, 0xff, 0xff, 0xff, 0xff, 0xff, 0xff, 0xff, 0xff, 0xff, 0xff, 0xff, 0xff, 0xff, 0xff, 0xff, 0xff, 0xff, 0xff, 0xff, 0xff, 0xff, 0xff, 0xff, 0xff, 0xff,
  0xff, 0xff, 0xff, 0xff, 0xff, 0xff, 0xff, 0xff, 0xff, 0xff, 0xff, 0xff, 0xff, 0xff, 0xff, 0xff, 0xff, 0xff, 0xff, 0xff, 0xff, 0xff, 0xff, 0xff, 0xff, 0xff, 0xff, 0xff, 0xff, 0xff, 0xff, 0xff, 0xff, 0xff, 0xff, 0xff, 0xff, 0xff, 0xff, 0xff, 0xff, 0xff, 0xff, 0xff, 0xff, 0xff, 0xff, 0xff, 0xff, 0xff, 0xff, 0xff, 0xff, 0xff, 0xff, 0xff, 0xff, 0xff, 0xff, 0xff, 0xff, 0xff, 0xff, 0xff, 0xff, 0xff, 0xff, 0xff, 0xff, 0xff, 0xff, 0xff, 0xff, 0xff, 0xff, 0xff, 0xff, 0xff, 0xff, 0xff, 0xff, 0xff, 0xff, 0xff, 0xff, 0xff, 0xff, 0xff, 0xff, 0xff, 0xff, 0xff, 0xff, 0xff, 0xff, 0xff, 0xff, 0xff, 0xff, 0xff, 0xff, 0xff, 0xff, 0xff, 0xff, 0x00, 0x00, 0x00, 0x00, 0x00, 0x00, 0x00, 0x00, 0x00, 0x00, 0x00, 0x00, 0x00, 0xff, 0xff, 0x00, 0x00, 0x00, 0x00, 0x00, 0x00, 0x00, 0x00, 0x00, 0x00, 0x00, 0x00, 0x00, 0xff, 0xff, 0x00, 0x00, 0x00, 0x00, 0x00, 0xff, 0xff, 0xff, 0x00, 0x00, 0x00, 0x00, 0x00, 0xff, 0xff, 0x00, 0x00, 0x00, 0xff, 0xff, 0xff, 0xff, 0x00, 0x00, 0xff, 0xff, 0xff, 0x00, 0x00, 0x00, 0xff, 0xff, 0xff, 0xff, 0xff, 0xff, 0xff, 0xff, 0xff, 0xff, 0xff, 0xff, 0xff, 0xff, 0xff, 0xff, 0xff, 0xff, 0xff, 0xff, 0xff, 0xff, 0xff, 0xff, 0xff, 0xff, 0xff, 0xff, 0xff, 0xff, 0xff, 0xff, 0xff, 0xff, 0xff, 0xff, 0xff, 0xff, 0xff, 0xff, 0xff, 0xff, 0xff, 0xff, 0xff, 0xff, 0xff, 0xff, 0xff, 0xff, 0xff, 0xff, 0xff, 0xff, 0xff, 0xff, 0xff, 0xff, 0xff, 0xff, 0xff, 0xff, 0xff, 0xff, 0xff, 0xff, 0xff, 0xff, 0xff, 0xff, 0xff, 0xff, 0xff, 0xff, 0xff, 0xff, 0xff, 0xff, 0xff, 0xff, 0xff, 0xff, 0xff, 0xff, 0xff, 0xff, 0xff, 0xff, 0xff, 0xff, 0xff, 0xff, 0xff, 0xff, 0xff, 0xff, 0xff, 0xff, 0xff, 0xff, 0xff, 0xff, 0xff, 0xff, 0xff,
  0xff, 0xff, 0xff, 0xff, 0xff, 0xff, 0xff, 0xff, 0xff, 0xff, 0xff, 0xff, 0xff, 0xff, 0xff, 0xff, 0xff, 0xff, 0xff, 0xff, 0xff, 0xff, 0xff, 0xff, 0xff, 0xff, 0xb6, 0xff, 0xff, 0xff, 0xff, 0xff, 0xff, 0xff, 0xff, 0xff, 0xff, 0xff, 0xff, 0xff, 0xff, 0xff, 0xff, 0xff, 0xff, 0xff, 0xff, 0xff, 0xff, 0xff, 0xff, 0xff, 0xff, 0xff, 0xff, 0xff, 0xff, 0xff, 0xff, 0xff, 0xff, 0xff, 0xff, 0xff, 0xff, 0xff, 0xff, 0xff, 0xff, 0xff, 0xff, 0xff, 0xff, 0xff, 0xff, 0xff, 0xff, 0xff, 0xff, 0xff, 0xff, 0xff, 0xff, 0xff, 0xff, 0xff, 0xff, 0xff, 0xff, 0xff, 0xff, 0xff, 0xff, 0xff, 0xff, 0xff, 0xff, 0xff, 0xff, 0xff, 0xff, 0xff, 0xff, 0xff, 0xff, 0x00, 0x00, 0x00, 0x00, 0x00, 0x00, 0x00, 0x00, 0x00, 0x00, 0x00, 0x00, 0xff, 0xff, 0xff, 0x00, 0x00, 0x00, 0x00, 0x00, 0x00, 0x00, 0x00, 0x00, 0x00, 0x00, 0x00, 0x00, 0xff, 0xff, 0x00, 0x00, 0x00, 0x00, 0x00, 0xff, 0xff, 0xff, 0x00, 0x00, 0x00, 0x00, 0x00, 0xff, 0xff, 0x00, 0x00, 0x00, 0xff, 0xff, 0xff, 0xff, 0xff, 0xff, 0xff, 0xff, 0xff, 0x00, 0x00, 0x00, 0xff, 0xff, 0xff, 0xff, 0xff, 0xff, 0xff, 0xff, 0xff, 0xff, 0xff, 0xff, 0xff, 0xff, 0xff, 0xff, 0xff, 0xff, 0xff, 0xff, 0xff, 0xff, 0xff, 0xff, 0xff, 0xff, 0xff, 0xff, 0xff, 0xff, 0xff, 0xff, 0xff, 0xff, 0xff, 0xff, 0xff, 0xff, 0xff, 0xff, 0xff, 0xff, 0xff, 0xff, 0xff, 0xff, 0xff, 0xff, 0xff, 0xff, 0xff, 0xff, 0xff, 0xff, 0xff, 0xff, 0xff, 0xff, 0xff, 0xff, 0xff, 0xff, 0xff, 0xff, 0xff, 0xff, 0xff, 0xff, 0xff, 0xff, 0xff, 0xff, 0xff, 0xff, 0xff, 0xff, 0xff, 0xff, 0xff, 0xff, 0xff, 0xff, 0xff, 0xff, 0xff, 0xff, 0xff, 0xff, 0xff, 0xff, 0xff, 0xff, 0xff, 0xff, 0xff, 0xff, 0xff, 0xff, 0xff, 0xff, 0xff, 0xff, 0xff, 0xff, 0xff,
  0xff, 0xff, 0xff, 0xff, 0xff, 0xff, 0xff, 0xff, 0xff, 0xff, 0xff, 0xff, 0xff, 0xff, 0xff, 0xff, 0xff, 0xff, 0xff, 0xff, 0xff, 0xff, 0xff, 0xff, 0xff, 0xff, 0xff, 0xff, 0xff, 0xff, 0xff, 0xff, 0xff, 0xff, 0xff, 0xff, 0xff, 0xff, 0xff, 0xff, 0xff, 0xff, 0xff, 0xff, 0xff, 0xff, 0xff, 0xff, 0xff, 0xff, 0xff, 0xff, 0xff, 0xff, 0xff, 0xff, 0xff, 0xff, 0xff, 0xff, 0xff, 0xff, 0xff, 0xff, 0xff, 0xff, 0xff, 0xff, 0xff, 0xff, 0xff, 0xff, 0xff, 0xff, 0xff, 0xff, 0xff, 0xff, 0xff, 0xff, 0xff, 0xff, 0xff, 0xff, 0xff, 0xff, 0xff, 0xff, 0xff, 0xff, 0xff, 0xff, 0xff, 0xff, 0xff, 0xff, 0xff, 0xff, 0xff, 0xff, 0xff, 0xff, 0xff, 0xff, 0xff, 0x00, 0x00, 0x00, 0x00, 0x00, 0x00, 0x00, 0x00, 0x00, 0x00, 0x00, 0x00, 0xff, 0xff, 0xff, 0x00, 0x00, 0x00, 0x00, 0x00, 0x00, 0x00, 0x00, 0x00, 0x00, 0x00, 0x00, 0x00, 0xff, 0xff, 0x00, 0x00, 0x00, 0x00, 0x00, 0xff, 0xff, 0xff, 0x00, 0x00, 0x00, 0x00, 0x00, 0xff, 0xff, 0x00, 0x00, 0x00, 0xff, 0xff, 0xff, 0xff, 0xff, 0xff, 0xff, 0xff, 0xff, 0x00, 0x00, 0x00, 0xff, 0xff, 0xff, 0xff, 0xff, 0xff, 0xff, 0xff, 0xff, 0xff, 0xff, 0xff, 0xff, 0xff, 0xff, 0xff, 0xff, 0xff, 0xff, 0xff, 0xff, 0xff, 0xff, 0xff, 0xff, 0xff, 0xff, 0xff, 0xff, 0xff, 0xff, 0xff, 0xff, 0xff, 0xff, 0xff, 0xff, 0xff, 0xff, 0xff, 0xff, 0xff, 0xff, 0xb6, 0xff, 0xff, 0xff, 0xff, 0xff, 0xff, 0xff, 0xff, 0xff, 0xff, 0xff, 0xff, 0xff, 0xff, 0xff, 0xff, 0xff, 0xff, 0xff, 0xff, 0xff, 0xff, 0xff, 0xff, 0xff, 0xff, 0xff, 0xff, 0xff, 0xff, 0xff, 0xff, 0xff, 0xff, 0xff, 0xff, 0xff, 0xff, 0xff, 0xff, 0xff, 0xff, 0xff, 0xff, 0xff, 0xff, 0xff, 0xff, 0xff, 0xff, 0xff, 0xff, 0xff, 0xff, 0xff, 0xff, 0xff, 0xff, 0xff, 0xff, 0xff,
  0xff, 0xff, 0xff, 0xff, 0xff, 0xff, 0xff, 0xff, 0xff, 0xff, 0xff, 0xff, 0xff, 0xff, 0xff, 0xff, 0xff, 0xff, 0xff, 0xff, 0xff, 0xff, 0xff, 0xff, 0xff, 0xff, 0xff, 0xff, 0xff, 0xff, 0xff, 0xff, 0xff, 0xff, 0xff, 0xff, 0xff, 0xff, 0xff, 0xff, 0xff, 0xff, 0xff, 0xff, 0xff, 0xff, 0xff, 0xff, 0xff, 0xff, 0xff, 0xff, 0xff, 0xff, 0xff, 0xff, 0xff, 0xff, 0xff, 0xff, 0xff, 0xff, 0xff, 0xff, 0xff, 0xff, 0xff, 0xff, 0xff, 0xff, 0xff, 0xff, 0xff, 0xff, 0xff, 0xff, 0xff, 0xff, 0xff, 0xff, 0xff, 0xff, 0xff, 0xff, 0xff, 0xff, 0xff, 0xff, 0xff, 0xff, 0xff, 0xff, 0xff, 0xff, 0xff, 0xff, 0xff, 0xff, 0xff, 0xff, 0xff, 0xff, 0xff, 0xff, 0xff, 0xff, 0xff, 0xff, 0xff, 0xff, 0xff, 0xff, 0xff, 0xff, 0xff, 0xff, 0xff, 0xff, 0xff, 0xff, 0xff, 0xff, 0xff, 0xff, 0xff, 0xff, 0xff, 0xff, 0xff, 0xff, 0xff, 0xff, 0xff, 0xff, 0xff, 0xff, 0xff, 0xff, 0xff, 0xff, 0xff, 0xff, 0xff, 0xff, 0xff, 0xff, 0xff, 0xff, 0xff, 0xff, 0xff, 0xff, 0xff, 0xff, 0xff, 0xff, 0xff, 0xff, 0xff, 0xff, 0xff, 0xff, 0xff, 0xff, 0xff, 0xff, 0xff, 0xff, 0xff, 0xff, 0xff, 0xff, 0xff, 0xff, 0xff, 0xff, 0xff, 0xff, 0xff, 0xff, 0xff, 0xff, 0xff, 0xff, 0xff, 0xff, 0xff, 0xff, 0xff, 0xff, 0xff, 0xff, 0xff, 0xff, 0xff, 0xff, 0xff, 0xff, 0xff, 0xff, 0xff, 0xff, 0xff, 0xff, 0xff, 0xff, 0xff, 0xff, 0xff, 0xff, 0xff, 0xff, 0xff, 0xff, 0xff, 0xff, 0xff, 0xff, 0xff, 0xff, 0xff, 0xff, 0xff, 0xff, 0xff, 0xff, 0xff, 0xff, 0xff, 0xff, 0xff, 0xff, 0xff, 0xff, 0xff, 0xff, 0xff, 0xff, 0xff, 0xff, 0xff, 0xff, 0xff, 0xff, 0xff, 0xff, 0xff, 0xff, 0xff, 0xff, 0xff, 0xff, 0xff, 0xff, 0xff, 0xff, 0xff, 0xff, 0xff, 0xff, 0xff, 0xff, 0xff, 0xff, 0xff, 0xff, 0xff, 0xff, 0xff, 0xff,
  0xff, 0xff, 0xff, 0xff, 0xff, 0xff, 0xff, 0xff, 0xff, 0xff, 0xff, 0xff, 0xff, 0xff, 0xff, 0xff, 0xff, 0xff, 0xff, 0xff, 0xff, 0xff, 0xff, 0xb6, 0xff, 0xff, 0xff, 0xff, 0xff, 0xff, 0xff, 0xff, 0xff, 0xff, 0xff, 0xff, 0xff, 0xff, 0xff, 0xff, 0xff, 0xff, 0xff, 0xff, 0xff, 0xff, 0xff, 0xff, 0xff, 0xff, 0xff, 0xff, 0xff, 0xff, 0xff, 0xff, 0xff, 0xff, 0xff, 0xff, 0xff, 0xff, 0xff, 0xff, 0xff, 0xff, 0xff, 0xff, 0xff, 0xff, 0xff, 0xff, 0xff, 0xff, 0xff, 0xff, 0xff, 0xff, 0xff, 0xff, 0xff, 0xff, 0xff, 0xff, 0xff, 0xff, 0xff, 0xff, 0xff, 0xff, 0xff, 0xff, 0xff, 0xff, 0xff, 0xff, 0xff, 0xff, 0xff, 0xff, 0xff, 0xff, 0xff, 0xff, 0xff, 0xff, 0xff, 0xff, 0xff, 0xff, 0xff, 0xff, 0xff, 0xff, 0xff, 0xff, 0xff, 0xff, 0xff, 0xff, 0xff, 0xff, 0xff, 0xff, 0xff, 0xff, 0xff, 0xff, 0xff, 0xff, 0xff, 0xff, 0xff, 0xff, 0xff, 0xff, 0xff, 0xff, 0xff, 0xff, 0xff, 0xff, 0xff, 0xff, 0xff, 0xff, 0xff, 0xff, 0xff, 0xff, 0xff, 0xff, 0xff, 0xff, 0xff, 0xff, 0xff, 0xff, 0xff, 0xff, 0xff, 0xff, 0xff, 0xff, 0xff, 0xff, 0xff, 0xff, 0xff, 0xff, 0xff, 0xff, 0xff, 0xff, 0xff, 0xff, 0xff, 0xff, 0xff, 0xff, 0xff, 0xff, 0xff, 0xff, 0xff, 0xff, 0xff, 0xff, 0xff, 0xff, 0xff, 0xff, 0xff, 0xff, 0xff, 0xff, 0xff, 0xff, 0xff, 0xff, 0xff, 0xff, 0xff, 0xff, 0xff, 0xff, 0xff, 0xff, 0xff, 0xff, 0xff, 0xff, 0xff, 0xff, 0xff, 0xff, 0xff, 0xff, 0xff, 0xff, 0xff, 0xff, 0xff, 0xff, 0xff, 0xff, 0xff, 0xff, 0xff, 0xff, 0xff, 0xff, 0xff, 0xff, 0xff, 0xff, 0xff, 0xff, 0xff, 0xff, 0xff, 0xff, 0xff, 0xff, 0xff, 0xff, 0xff, 0xff, 0xff, 0xff, 0xff, 0xff, 0xff, 0xff, 0xff, 0xff, 0xff, 0xff, 0xff, 0xff, 0xff, 0xff, 0xff, 0xff, 0xff, 0xff, 0xff, 0xff, 0xff, 0xff,
  0xff, 0xff, 0xff, 0xff, 0xff, 0xff, 0xff, 0xff, 0xff, 0xff, 0xff, 0xff, 0xff, 0xff, 0xff, 0xff, 0xff, 0xff, 0xff, 0xff, 0xff, 0xff, 0xff, 0xff, 0xff, 0xff, 0xff, 0xff, 0xff, 0xff, 0xff, 0xff, 0xff, 0xff, 0xff, 0xff, 0xff, 0xff, 0xff, 0xff, 0xff, 0xff, 0xff, 0xff, 0xff, 0xff, 0xff, 0xff, 0xff, 0xff, 0xff, 0xff, 0xff, 0xff, 0xff, 0xff, 0xff, 0xff, 0xff, 0xff, 0xff, 0xff, 0xff, 0xff, 0xff, 0xff, 0xff, 0xff, 0xff, 0xff, 0xff, 0xff, 0xff, 0xff, 0xff, 0xff, 0xff, 0xff, 0xff, 0xff, 0xff, 0xff, 0xff, 0xff, 0xff, 0xff, 0xff, 0xff, 0xff, 0xff, 0xff, 0xff, 0xff, 0xff, 0xff, 0xff, 0xff, 0xff, 0xff, 0xff, 0xff, 0xff, 0xff, 0xff, 0xff, 0x00, 0x00, 0x00, 0x00, 0x00, 0x00, 0x00, 0x00, 0x00, 0x00, 0xff, 0xff, 0xff, 0xff, 0xff, 0x00, 0x00, 0x00, 0x00, 0x00, 0x00, 0x00, 0xff, 0x00, 0x00, 0x00, 0x00, 0x00, 0x00, 0x00, 0xff, 0xff, 0x00, 0x00, 0x00, 0x00, 0x00, 0xff, 0xff, 0xff, 0x00, 0x00, 0x00, 0x00, 0x00, 0xff, 0xff, 0x00, 0x00, 0x00, 0x00, 0x00, 0xff, 0xff, 0xff, 0x00, 0x00, 0x00, 0x00, 0x00, 0xff, 0xff, 0xff, 0xff, 0xff, 0xff, 0xff, 0xff, 0xff, 0xff, 0xff, 0xff, 0xff, 0xff, 0xff, 0xff, 0xff, 0xff, 0xff, 0xff, 0xff, 0xff, 0xff, 0xff, 0xff, 0xff, 0xff, 0xff, 0xff, 0xff, 0xff, 0xff, 0xff, 0xff, 0xff, 0xff, 0xff, 0xff, 0xff, 0xff, 0xb6, 0xff, 0xff, 0xff, 0xff, 0xff, 0xff, 0xff, 0xff, 0xff, 0xff, 0xff, 0xff, 0xff, 0xff, 0xff, 0xff, 0xff, 0xff, 0xff, 0xff, 0xff, 0xff, 0xff, 0xff, 0xff, 0xff, 0xff, 0xff, 0xff, 0xff, 0xff, 0xff, 0xff, 0xff, 0xff, 0xff, 0xff, 0xff, 0xff, 0xff, 0xff, 0xff, 0xff, 0xff, 0xff, 0xff, 0xff, 0xff, 0xff, 0xff, 0xff, 0xff, 0xff, 0xff, 0xff, 0xff, 0xff, 0xff, 0xff, 0xff, 0xff, 0xff, 0xff, 0xff,
  0xff, 0xff, 0xff, 0xff, 0xff, 0xff, 0xff, 0xff, 0xff, 0xff, 0xff, 0xff, 0xff, 0xff, 0xff, 0xff, 0xff, 0xff, 0xff, 0xff, 0xff, 0xff, 0xff, 0xff, 0xff, 0xff, 0xff, 0xff, 0xff, 0xff, 0xff, 0xff, 0xff, 0xff, 0xff, 0xff, 0xff, 0xff, 0xff, 0xff, 0xff, 0xff, 0xff, 0xff, 0xff, 0xff, 0xff, 0xff, 0xff, 0xff, 0xff, 0xff, 0xff, 0xff, 0xff, 0xff, 0xff, 0xff, 0xff, 0xff, 0xff, 0xff, 0xff, 0xff, 0xff, 0xff, 0xff, 0xff, 0xff, 0xff, 0xff, 0xff, 0xff, 0xff, 0xff, 0xff, 0xff, 0xff, 0xff, 0xff, 0xff, 0xff, 0xff, 0xff, 0xff, 0xff, 0xff, 0xff, 0xff, 0xff, 0xff, 0xff, 0xff, 0xff, 0xff, 0xff, 0xff, 0xff, 0xff, 0xff, 0xff, 0xff, 0xff, 0xff, 0xff, 0x00, 0x00, 0x00, 0x00, 0x00, 0x00, 0x00, 0x00, 0x00, 0x00, 0x00, 0x00, 0xff, 0xff, 0xff, 0x00, 0x00, 0x00, 0x00, 0x00, 0x00, 0x00, 0xff, 0x00, 0x00, 0x00, 0x00, 0x00, 0x00, 0x00, 0xff, 0xff, 0x00, 0x00, 0x00, 0x00, 0x00, 0x00, 0xff, 0xff, 0x00, 0x00, 0x00, 0x00, 0x00, 0xff, 0xff, 0x00, 0x00, 0x00, 0x00, 0x00, 0xff, 0xff, 0x00, 0x00, 0x00, 0x00, 0x00, 0x00, 0xff, 0xff, 0xff, 0xff, 0xff, 0xff, 0xff, 0xff, 0xff, 0xff, 0xff, 0xff, 0xff, 0xff, 0xff, 0xff, 0xff, 0xff, 0xff, 0xff, 0xff, 0xff, 0xff, 0xff, 0xff, 0xff, 0xff, 0xff, 0xff, 0xff, 0xff, 0xff, 0xff, 0xff, 0xff, 0xff, 0xff, 0xff, 0xff, 0xff, 0xff, 0xff, 0xff, 0xff, 0xff, 0xff, 0xff, 0xff, 0xff, 0xff, 0xff, 0xff, 0xff, 0xff, 0xff, 0xff, 0xff, 0xff, 0xff, 0xff, 0xff, 0xff, 0xff, 0xff, 0xff, 0xff, 0xff, 0xff, 0xff, 0xff, 0xff, 0xff, 0xff, 0xff, 0xff, 0xff, 0xff, 0xff, 0xff, 0xff, 0xff, 0xff, 0xff, 0xff, 0xff, 0xff, 0xff, 0xff, 0xff, 0xff, 0xff, 0xff, 0xff, 0xff, 0xff, 0xff, 0xff, 0xff, 0xff, 0xff, 0xff, 0xff, 0xff, 0xff, 0xff,
  0xff, 0xff, 0xff, 0xff, 0xff, 0xff, 0xff, 0xff, 0xff, 0xff, 0xff, 0xff, 0xff, 0xff, 0xff, 0xff, 0xff, 0xff, 0xff, 0xff, 0xff, 0xff, 0xff, 0xff, 0xff, 0xff, 0xff, 0xff, 0xff, 0xff, 0xff, 0xff, 0xff, 0xff, 0xff, 0xff, 0xff, 0xff, 0xff, 0xff, 0xff, 0xff, 0xff, 0xff, 0xff, 0xff, 0xff, 0xff, 0xff, 0xff, 0xff, 0xff, 0xff, 0xff, 0xff, 0xff, 0xff, 0xff, 0xff, 0xff, 0xff, 0xff, 0xff, 0xff, 0xff, 0xff, 0xff, 0xff, 0xff, 0xff, 0xff, 0xff, 0xff, 0xff, 0xff, 0xff, 0xff, 0xff, 0xff, 0xff, 0xff, 0xff, 0xff, 0xff, 0xff, 0xff, 0xff, 0xff, 0xff, 0xff, 0xff, 0xff, 0xff, 0xff, 0xff, 0xff, 0xff, 0xff, 0xff, 0xff, 0xff, 0xff, 0xff, 0xff, 0xff, 0x00, 0x00, 0x00, 0x00, 0x00, 0x00, 0x00, 0x00, 0x00, 0x00, 0x00, 0x00, 0xff, 0xff, 0xff, 0x00, 0x00, 0x00, 0x00, 0x00, 0x00, 0x00, 0xff, 0x00, 0x00, 0x00, 0x00, 0x00, 0x00, 0x00, 0xff, 0xff, 0x00, 0x00, 0x00, 0x00, 0x00, 0x00, 0xff, 0xff, 0x00, 0x00, 0x00, 0x00, 0x00, 0xff, 0xff, 0x00, 0x00, 0x00, 0x00, 0x00, 0xff, 0xff, 0x00, 0x00, 0x00, 0x00, 0x00, 0x00, 0xff, 0xff, 0xff, 0xff, 0xff, 0xff, 0xff, 0xff, 0xff, 0xff, 0xff, 0xff, 0xff, 0xff, 0xff, 0xff, 0xff, 0xff, 0xff, 0xff, 0xff, 0xff, 0xff, 0xff, 0xff, 0xff, 0xff, 0xff, 0xff, 0xff, 0xff, 0xff, 0xff, 0xff, 0xff, 0xff, 0xff, 0xff, 0xff, 0xff, 0xff, 0xff, 0xff, 0xff, 0xff, 0xff, 0xff, 0xff, 0xff, 0xff, 0xff, 0xff, 0xff, 0xff, 0xff, 0xff, 0xff, 0xff, 0xff, 0xff, 0xff, 0xff, 0xff, 0xff, 0xff, 0xff, 0xff, 0xff, 0xff, 0xff, 0xff, 0xff, 0xff, 0xff, 0xff, 0xff, 0xff, 0xff, 0xff, 0xff, 0xff, 0xff, 0xff, 0xff, 0xff, 0xff, 0xff, 0xff, 0xff, 0xff, 0xff, 0xff, 0xff, 0xff, 0xff, 0xff, 0xff, 0xff, 0xff, 0xff, 0xff, 0xff, 0xff, 0xff, 0xff,
  0xff, 0xff, 0xff, 0xff, 0xff, 0xff, 0xff, 0xff, 0xff, 0xff, 0xff, 0xff, 0xff, 0xff, 0xff, 0xff, 0xff, 0xff, 0xff, 0xff, 0xff, 0xff, 0xff, 0xff, 0xff, 0xff, 0xff, 0xff, 0xff, 0xff, 0xff, 0xff, 0xff, 0xff, 0xff, 0xff, 0xff, 0xff, 0xff, 0xff, 0xff, 0xff, 0xff, 0xff, 0xff, 0xff, 0xff, 0xff, 0xff, 0xff, 0xff, 0xff, 0xff, 0xff, 0xff, 0xff, 0xff, 0xff, 0xff, 0xff, 0xff, 0xff, 0xff, 0xff, 0xff, 0xff, 0xff, 0xff, 0xff, 0xff, 0xff, 0xff, 0xff, 0xff, 0xff, 0xff, 0xff, 0xff, 0xff, 0xff, 0xff, 0xff, 0xff, 0xff, 0xff, 0xff, 0xff, 0xff, 0xff, 0xff, 0xff, 0xff, 0xff, 0xff, 0xff, 0xff, 0xff, 0xff, 0xff, 0xff, 0xff, 0xff, 0xff, 0xff, 0xff, 0x00, 0x00, 0x00, 0x00, 0x00, 0x00, 0x00, 0x00, 0x00, 0x00, 0x00, 0x00, 0x00, 0xff, 0xff, 0x00, 0x00, 0x00, 0x00, 0x00, 0x00, 0x00, 0xff, 0x00, 0x00, 0x00, 0x00, 0x00, 0x00, 0x00, 0xff, 0xff, 0x00, 0x00, 0x00, 0x00, 0x00, 0x00, 0x00, 0x00, 0x00, 0x00, 0x00, 0x00, 0x00, 0xff, 0xff, 0x00, 0x00, 0x00, 0x00, 0x00, 0x00, 0x00, 0x00, 0x00, 0x00, 0x00, 0x00, 0x00, 0xff, 0xff, 0xff, 0xff, 0xff, 0xff, 0xff, 0xff, 0xff, 0xff, 0xff, 0xff, 0xff, 0xff, 0xff, 0xff, 0xff, 0xff, 0xff, 0xff, 0xff, 0xff, 0xff, 0xff, 0xff, 0xff, 0xff, 0xff, 0xff, 0xff, 0xff, 0xff, 0xff, 0xff, 0xff, 0xff, 0xff, 0xb6, 0xff, 0xff, 0xff, 0xff, 0xff, 0xff, 0xff, 0xff, 0xff, 0xff, 0xff, 0xff, 0xff, 0xff, 0xff, 0xff, 0xff, 0xff, 0xff, 0xff, 0xff, 0xff, 0xff, 0xff, 0xff, 0xff, 0xff, 0xff, 0xff, 0xff, 0xff, 0xff, 0xff, 0xff, 0xff, 0xff, 0xff, 0xff, 0xff, 0xff, 0xff, 0xff, 0xff, 0xff, 0xff, 0xff, 0xff, 0xff, 0xff, 0xff, 0xff, 0xff, 0xff, 0xff, 0xff, 0xff, 0xff, 0xff, 0xff, 0xff, 0xff, 0xff, 0xff, 0xff, 0xff, 0xff, 0xff,
  0xff, 0xff, 0xff, 0xff, 0xff, 0xff, 0xff, 0xff, 0xff, 0xff, 0xff, 0xff, 0xff, 0xff, 0xff, 0xff, 0xff, 0xff, 0xff, 0xff, 0xff, 0xb6, 0xff, 0xff, 0xff, 0xff, 0xff, 0xff, 0xff, 0xff, 0xff, 0xff, 0xff, 0xff, 0xff, 0xff, 0xff, 0xff, 0xff, 0xff, 0xff, 0xff, 0xff, 0xff, 0xff, 0xff, 0xff, 0xff, 0xff, 0xff, 0xff, 0xff, 0xff, 0xff, 0xff, 0xff, 0xff, 0xff, 0xff, 0xff, 0xff, 0xff, 0xff, 0xff, 0xff, 0xff, 0xff, 0xff, 0xff, 0xff, 0xff, 0xff, 0xff, 0xff, 0xff, 0xff, 0xff, 0xff, 0xff, 0xff, 0xff, 0xff, 0xff, 0xff, 0xff, 0xff, 0xff, 0xff, 0xff, 0xff, 0xff, 0xff, 0xff, 0xff, 0xff, 0xff, 0xff, 0xff, 0xff, 0xff, 0xff, 0xff, 0xff, 0xff, 0xff, 0x00, 0x00, 0x00, 0x00, 0x00, 0x00, 0x00, 0x00, 0x00, 0x00, 0x00, 0x00, 0x00, 0xff, 0xff, 0x00, 0x00, 0x00, 0x00, 0x00, 0x00, 0x00, 0xff, 0x00, 0x00, 0x00, 0x00, 0x00, 0x00, 0x00, 0xff, 0xff, 0x00, 0x00, 0x00, 0x00, 0x00, 0x00, 0x00, 0x00, 0x00, 0x00, 0x00, 0x00, 0x00, 0xff, 0xff, 0x00, 0x00, 0x00, 0x00, 0x00, 0x00, 0x00, 0x00, 0x00, 0x00, 0x00, 0x00, 0x00, 0xff, 0xff, 0xff, 0xff, 0xff, 0xff, 0xff, 0xff, 0xff, 0xff, 0xff, 0xff, 0xff, 0xff, 0xff, 0xff, 0xff, 0xff, 0xff, 0xff, 0xff, 0xff, 0xff, 0xff, 0xff, 0xff, 0xff, 0xff, 0xff, 0xff, 0xff, 0xff, 0xff, 0xff, 0xff, 0xff, 0xff, 0xff, 0xff, 0xff, 0xff, 0xff, 0xff, 0xff, 0xff, 0xff, 0xff, 0xff, 0xff, 0xff, 0xff, 0xff, 0xff, 0xff, 0xff, 0xff, 0xff, 0xff, 0xff, 0xff, 0xff, 0xff, 0xff, 0xff, 0xff, 0xff, 0xff, 0xff, 0xff, 0xff, 0xff, 0xff, 0xff, 0xff, 0xff, 0xff, 0xff, 0xff, 0xff, 0xff, 0xff, 0xff, 0xff, 0xff, 0xff, 0xff, 0xff, 0xff, 0xff, 0xff, 0xff, 0xff, 0xff, 0xff, 0xff, 0xff, 0xff, 0xff, 0xff, 0xff, 0xff, 0xff, 0xff, 0xff, 0xff,
  0xff, 0xff, 0xff, 0xff, 0xff, 0xff, 0xff, 0xff, 0xff, 0xff, 0xff, 0xff, 0xff, 0xff, 0xff, 0xff, 0xff, 0xff, 0xff, 0xff, 0xff, 0xff, 0xff, 0xff, 0xff, 0xff, 0xff, 0xff, 0xff, 0xff, 0xff, 0xff, 0xff, 0xff, 0xff, 0xff, 0xff, 0xff, 0xff, 0xff, 0xff, 0xff, 0xff, 0xff, 0xff, 0xff, 0xff, 0xff, 0xff, 0xff, 0xff, 0xff, 0xff, 0xff, 0xff, 0xff, 0xff, 0xff, 0xff, 0xff, 0xff, 0xff, 0xff, 0xff, 0xff, 0xff, 0xff, 0xff, 0xff, 0xff, 0xff, 0xff, 0xff, 0xff, 0xff, 0xff, 0xff, 0xff, 0xff, 0xff, 0xff, 0xff, 0xff, 0xff, 0xff, 0xff, 0xff, 0xff, 0xff, 0xff, 0xff, 0xff, 0xff, 0xff, 0xff, 0xff, 0xff, 0xff, 0xff, 0xff, 0xff, 0xff, 0xff, 0xff, 0xff, 0x00, 0x00, 0x00, 0x00, 0x00, 0x00, 0xff, 0xff, 0x00, 0x00, 0x00, 0x00, 0x00, 0xff, 0xff, 0x00, 0x00, 0x00, 0x00, 0x00, 0x00, 0x00, 0xff, 0x00, 0x00, 0x00, 0x00, 0x00, 0x00, 0x00, 0xff, 0xff, 0x00, 0x00, 0x00, 0x00, 0x00, 0x00, 0x00, 0x00, 0x00, 0x00, 0x00, 0x00, 0x00, 0xff, 0xff, 0x00, 0x00, 0x00, 0x00, 0x00, 0x00, 0x00, 0x00, 0x00, 0x00, 0x00, 0x00, 0x00, 0xff, 0xff, 0xff, 0xff, 0xff, 0xff, 0xff, 0xff, 0xff, 0xff, 0xff, 0xff, 0xff, 0xff, 0xff, 0xff, 0xff, 0xff, 0xff, 0xff, 0xff, 0xff, 0xff, 0xff, 0xff, 0xff, 0xff, 0xff, 0xff, 0xff, 0xff, 0xff, 0xff, 0xff, 0xff, 0xff, 0xff, 0xff, 0xff, 0xff, 0xff, 0xff, 0xff, 0xff, 0xff, 0xff, 0xff, 0xff, 0xff, 0xff, 0xff, 0xff, 0xff, 0xff, 0xff, 0xff, 0xff, 0xff, 0xff, 0xff, 0xff, 0xff, 0xff, 0xff, 0xff, 0xff, 0xff, 0xff, 0xff, 0xff, 0xff, 0xff, 0xff, 0xff, 0xff, 0xff, 0xff, 0xff, 0xff, 0xff, 0xff, 0xff, 0xff, 0xff, 0xff, 0xff, 0xff, 0xff, 0xff, 0xff, 0xff, 0xff, 0xff, 0xff, 0xff, 0xff, 0xff, 0xff, 0xff, 0xff, 0xff, 0xff, 0xff, 0xff, 0xff,
  0xff, 0xff, 0xff, 0xff, 0xff, 0xff, 0xff, 0xff, 0xff, 0xff, 0xff, 0xff, 0xff, 0xff, 0xff, 0xff, 0xff, 0xff, 0xff, 0xff, 0xff, 0xff, 0xff, 0xff, 0xff, 0xff, 0xff, 0xff, 0xff, 0xff, 0xff, 0xff, 0xff, 0xff, 0xff, 0xff, 0xff, 0xff, 0xff, 0xff, 0xff, 0xff, 0xff, 0xff, 0xff, 0xff, 0xff, 0xff, 0xff, 0xff, 0xff, 0xff, 0xff, 0xff, 0xff, 0xff, 0xff, 0xff, 0xff, 0xff, 0xff, 0xff, 0xff, 0xff, 0xff, 0xff, 0xff, 0xff, 0xff, 0xff, 0xff, 0xff, 0xff, 0xff, 0xff, 0xff, 0xff, 0xff, 0xff, 0xff, 0xff, 0xff, 0xff, 0xff, 0xff, 0xff, 0xff, 0xff, 0xff, 0xff, 0xff, 0xff, 0xff, 0xff, 0xff, 0xff, 0xff, 0xff, 0xff, 0xff, 0xff, 0xff, 0xff, 0xff, 0xff, 0x00, 0x00, 0x00, 0x00, 0x00, 0x00, 0xff, 0xff, 0x00, 0x00, 0x00, 0x00, 0x00, 0xff, 0xff, 0x00, 0x00, 0x00, 0x00, 0x00, 0x00, 0x00, 0xff, 0x00, 0x00, 0x00, 0x00, 0x00, 0x00, 0x00, 0xff, 0xff, 0x00, 0x00, 0x00, 0x00, 0x00, 0x00, 0x00, 0x00, 0x00, 0x00, 0x00, 0x00, 0x00, 0xff, 0xff, 0x00, 0x00, 0x00, 0x00, 0x00, 0x00, 0x00, 0x00, 0x00, 0x00, 0x00, 0x00, 0x00, 0xff, 0xff, 0xff, 0xff, 0xff, 0xff, 0xff, 0xff, 0xff, 0xff, 0xff, 0xff, 0xff, 0xff, 0xff, 0xff, 0xff, 0xff, 0xff, 0xff, 0xff, 0xff, 0xff, 0xff, 0xff, 0xff, 0xff, 0xff, 0xff, 0xff, 0xff, 0xff, 0xff, 0xff, 0xb6, 0xff, 0xff, 0xff, 0xff, 0xff, 0xff, 0xff, 0xff, 0xff, 0xff, 0xff, 0xff, 0xff, 0xff, 0xff, 0xff, 0xff, 0xff, 0xff, 0xff, 0xff, 0xff, 0xff, 0xff, 0xff, 0xff, 0xff, 0xff, 0xff, 0xff, 0xff, 0xff, 0xff, 0xff, 0xff, 0xff, 0xff, 0xff, 0xff, 0xff, 0xff, 0xff, 0xff, 0xff, 0xff, 0xff, 0xff, 0xff, 0xff, 0xff, 0xff, 0xff, 0xff, 0xff, 0xff, 0xff, 0xff, 0xff, 0xff, 0xff, 0xff, 0xff, 0xff, 0xff, 0xff, 0xff, 0xff, 0xff, 0xff, 0xff,
  0xff, 0xff, 0xff, 0xff, 0xff, 0xff, 0xff, 0xff, 0xff, 0xff, 0xff, 0xff, 0xff, 0xff, 0xff, 0xff, 0xff, 0xff, 0xff, 0xff, 0xff, 0xff, 0xff, 0xff, 0xff, 0xff, 0xff, 0xff, 0xff, 0xff, 0xff, 0xff, 0xff, 0xff, 0xff, 0xff, 0xff, 0xff, 0xff, 0xff, 0xff, 0xff, 0xff, 0xff, 0xff, 0xff, 0xff, 0xff, 0xff, 0xff, 0xff, 0xff, 0xff, 0xff, 0xff, 0xff, 0xff, 0xff, 0xff, 0xff, 0xff, 0xff, 0xff, 0xff, 0xff, 0xff, 0xff, 0xff, 0xff, 0xff, 0xff, 0xff, 0xff, 0xff, 0xff, 0xff, 0xff, 0xff, 0xff, 0xff, 0xff, 0xff, 0xff, 0xff, 0xff, 0xff, 0xff, 0xff, 0xff, 0xff, 0xff, 0xff, 0xff, 0xff, 0xff, 0xff, 0xff, 0xff, 0xff, 0xff, 0xff, 0xff, 0xff, 0xff, 0xff, 0x00, 0x00, 0x00, 0x00, 0x00, 0x00, 0xff, 0xff, 0x00, 0x00, 0x00, 0x00, 0x00, 0xff, 0xff, 0x00, 0x00, 0x00, 0x00, 0x00, 0x00, 0x00, 0xff, 0x00, 0x00, 0x00, 0x00, 0x00, 0x00, 0x00, 0xff, 0xff, 0x00, 0x00, 0x00, 0x00, 0x00, 0x00, 0x00, 0x00, 0x00, 0x00, 0x00, 0x00, 0x00, 0xff, 0xff, 0x00, 0x00, 0x00, 0x00, 0x00, 0x00, 0x00, 0x00, 0x00, 0x00, 0x00, 0x00, 0xff, 0xff, 0xff, 0xff, 0xff, 0xff, 0xff, 0xff, 0xff, 0xff, 0xff, 0xff, 0xff, 0xff, 0xff, 0xff, 0xff, 0xff, 0xff, 0xff, 0xff, 0xff, 0xff, 0xff, 0xff, 0xff, 0xff, 0xff, 0xff, 0xff, 0xff, 0xff, 0xff, 0xff, 0xff, 0xff, 0xff, 0xff, 0xff, 0xff, 0xff, 0xff, 0xff, 0xff, 0xff, 0xff, 0xff, 0xff, 0xff, 0xff, 0xff, 0xff, 0xff, 0xff, 0xff, 0xff, 0xff, 0xff, 0xff, 0xff, 0xff, 0xff, 0xff, 0xff, 0xff, 0xff, 0xff, 0xff, 0xff, 0xff, 0xff, 0xff, 0xff, 0xff, 0xff, 0xff, 0xff, 0xff, 0xff, 0xff, 0xff, 0xff, 0xff, 0xff, 0xff, 0xff, 0xff, 0xff, 0xff, 0xff, 0xff, 0xff, 0xff, 0xff, 0xff, 0xff, 0xff, 0xff, 0xff, 0xff, 0xff, 0xff, 0xff, 0xff, 0xff, 0xff,
  0xff, 0xff, 0xff, 0xff, 0xff, 0xff, 0xff, 0xff, 0xff, 0xff, 0xff, 0xff, 0xff, 0xff, 0xff, 0xff, 0xff, 0xff, 0xff, 0xff, 0xff, 0xff, 0xff, 0xff, 0xff, 0xff, 0xff, 0xff, 0xff, 0xff, 0xff, 0xff, 0xff, 0xff, 0xff, 0xff, 0xff, 0xff, 0xff, 0xff, 0xff, 0xff, 0xff, 0xff, 0xff, 0xff, 0xff, 0xff, 0xff, 0xff, 0xff, 0xff, 0xff, 0xff, 0xff, 0xff, 0xff, 0xff, 0xff, 0xff, 0xff, 0xff, 0xff, 0xff, 0xff, 0xff, 0xff, 0xff, 0xff, 0xff, 0xff, 0xff, 0xff, 0xff, 0xff, 0xff, 0xff, 0xff, 0xff, 0xff, 0xff, 0xff, 0xff, 0xff, 0xff, 0xff, 0xff, 0xff, 0xff, 0xff, 0xff, 0xff, 0xff, 0xff, 0xff, 0xff, 0xff, 0xff, 0xff, 0xff, 0xff, 0xff, 0xff, 0xff, 0xff, 0x00, 0x00, 0x00, 0x00, 0x00, 0x00, 0xff, 0xff, 0x00, 0x00, 0x00, 0x00, 0x00, 0xff, 0xff, 0x00, 0x00, 0x00, 0x00, 0x00, 0x00, 0x00, 0xff, 0x00, 0x00, 0x00, 0x00, 0x00, 0x00, 0x00, 0xff, 0xff, 0x00, 0x00, 0x00, 0x00, 0x00, 0x00, 0x00, 0x00, 0x00, 0x00, 0x00, 0x00, 0x00, 0xff, 0xff, 0x00, 0x00, 0x00, 0x00, 0x00, 0x00, 0x00, 0x00, 0x00, 0x00, 0xff, 0xff, 0xff, 0xff, 0xff, 0xff, 0xff, 0xff, 0xff, 0xff, 0xff, 0xff, 0xff, 0xff, 0xff, 0xff, 0xff, 0xff, 0xff, 0xff, 0xff, 0xff, 0xff, 0xff, 0xff, 0xff, 0xff, 0xff, 0xff, 0xff, 0xff, 0xff, 0xff, 0xff, 0xff, 0xff, 0xff, 0xff, 0xff, 0xff, 0xff, 0xff, 0xff, 0xff, 0xff, 0xff, 0xff, 0xff, 0xff, 0xff, 0xff, 0xff, 0xff, 0xff, 0xff, 0xff, 0xff, 0xff, 0xff, 0xff, 0xff, 0xff, 0xff, 0xff, 0xff, 0xff, 0xff, 0xff, 0xff, 0xff, 0xff, 0xff, 0xff, 0xff, 0xff, 0xff, 0xff, 0xff, 0xff, 0xff, 0xff, 0xff, 0xff, 0xff, 0xff, 0xff, 0xff, 0xff, 0xff, 0xff, 0xff, 0xff, 0xff, 0xff, 0xff, 0xff, 0xff, 0xff, 0xff, 0xff, 0xff, 0xff, 0xff, 0xff, 0xff, 0xff, 0xff, 0xff,
  0xff, 0xff, 0xff, 0xff, 0xff, 0xff, 0xff, 0xff, 0xff, 0xff, 0xff, 0xff, 0xff, 0xff, 0xff, 0xff, 0xff, 0xff, 0xff, 0xff, 0xff, 0xff, 0xff, 0xff, 0xff, 0xff, 0xff, 0xff, 0xff, 0xff, 0xff, 0xff, 0xff, 0xff, 0xff, 0xff, 0xff, 0xff, 0xff, 0xff, 0xff, 0xff, 0xff, 0xff, 0xff, 0xff, 0xff, 0xff, 0xff, 0xff, 0xff, 0xff, 0xff, 0xff, 0xff, 0xff, 0xff, 0xff, 0xff, 0xff, 0xff, 0xff, 0xff, 0xff, 0xff, 0xff, 0xff, 0xff, 0xff, 0xff, 0xff, 0xff, 0xff, 0xff, 0xff, 0xff, 0xff, 0xff, 0xff, 0xff, 0xff, 0xff, 0xff, 0xff, 0xff, 0xff, 0xff, 0xff, 0xff, 0xff, 0xff, 0xff, 0xff, 0xff, 0xff, 0xff, 0xff, 0xff, 0xff, 0xff, 0xff, 0xff, 0xff, 0xff, 0xff, 0x00, 0x00, 0x00, 0x00, 0x00, 0x00, 0xff, 0xff, 0x00, 0x00, 0x00, 0x00, 0x00, 0xff, 0xff, 0x00, 0x00, 0x00, 0x00, 0x00, 0x00, 0x00, 0xff, 0x00, 0x00, 0x00, 0x00, 0x00, 0x00, 0x00, 0xff, 0xff, 0x00, 0x00, 0x00, 0x00, 0x00, 0x00, 0x00, 0x00, 0x00, 0x00, 0x00, 0x00, 0x00, 0xff, 0xff, 0x00, 0x00, 0x00, 0x00, 0x00, 0x00, 0x00, 0x00, 0x00, 0x00, 0xff, 0xff, 0xff, 0xff, 0xff, 0xff, 0xff, 0xff, 0xff, 0xff, 0xff, 0xff, 0xff, 0xff, 0xff, 0xff, 0xff, 0xff, 0xff, 0xff, 0xff, 0xff, 0xff, 0xff, 0xff, 0xff, 0xff, 0xff, 0xff, 0xff, 0xff, 0xff, 0xff, 0xff, 0xb6, 0xff, 0xff, 0xff, 0xff, 0xff, 0xff, 0xff, 0xff, 0xff, 0xff, 0xff, 0xff, 0xff, 0xff, 0xff, 0xff, 0xff, 0xff, 0xff, 0xff, 0xff, 0xff, 0xff, 0xff, 0xff, 0xff, 0xff, 0xff, 0xff, 0xff, 0xff, 0xff, 0xff, 0xff, 0xff, 0xff, 0xff, 0xff, 0xff, 0xff, 0xff, 0xff, 0xff, 0xff, 0xff, 0xff, 0xff, 0xff, 0xff, 0xff, 0xff, 0xff, 0xff, 0xff, 0xff, 0xff, 0xff, 0xff, 0xff, 0xff, 0xff, 0xff, 0xff, 0xff, 0xff, 0xff, 0xff, 0xff, 0xff, 0xff, 0xff, 0xff, 0xff,
  0xff, 0xff, 0xff, 0xff, 0xff, 0xff, 0xff, 0xff, 0xff, 0xff, 0xff, 0xff, 0xff, 0xff, 0xff, 0xff, 0xff, 0xff, 0xff, 0xff, 0xff, 0xff, 0xff, 0xff, 0xff, 0xff, 0xff, 0xff, 0xff, 0xff, 0xff, 0xff, 0xff, 0xff, 0xff, 0xff, 0xff, 0xff, 0xff, 0xff, 0xff, 0xff, 0xff, 0xff, 0xff, 0xff, 0xff, 0xff, 0xff, 0xff, 0xff, 0xff, 0xff, 0xff, 0xff, 0xff, 0xff, 0xff, 0xff, 0xff, 0xff, 0xff, 0xff, 0xff, 0xff, 0xff, 0xff, 0xff, 0xff, 0xff, 0xff, 0xff, 0xff, 0xff, 0xff, 0xff, 0xff, 0xff, 0xff, 0xff, 0xff, 0xff, 0xff, 0xff, 0xff, 0xff, 0xff, 0xff, 0xff, 0xff, 0xff, 0xff, 0xff, 0xff, 0xff, 0xff, 0xff, 0xff, 0xff, 0xff, 0xff, 0xff, 0xff, 0xff, 0xff, 0x00, 0x00, 0x00, 0x00, 0x00, 0x00, 0xff, 0xff, 0x00, 0x00, 0x00, 0x00, 0x00, 0xff, 0xff, 0x00, 0x00, 0x00, 0x00, 0x00, 0x00, 0x00, 0xff, 0x00, 0x00, 0x00, 0x00, 0x00, 0x00, 0x00, 0xff, 0xff, 0x00, 0x00, 0x00, 0x00, 0x00, 0x00, 0x00, 0x00, 0x00, 0x00, 0x00, 0x00, 0x00, 0xff, 0xff, 0x00, 0x00, 0x00, 0x00, 0x00, 0x00, 0x00, 0x00, 0x00, 0x00, 0xff, 0xff, 0xff, 0xff, 0xff, 0xff, 0xff, 0xff, 0xff, 0xff, 0xff, 0xff, 0xff, 0xff, 0xff, 0xff, 0xff, 0xff, 0xff, 0xff, 0xff, 0xff, 0xff, 0xff, 0xff, 0xff, 0xff, 0xff, 0xff, 0xff, 0xff, 0xff, 0xff, 0xff, 0xff, 0xff, 0xff, 0xff, 0xff, 0xff, 0xff, 0xff, 0xff, 0xff, 0xff, 0xff, 0xff, 0xff, 0xff, 0xff, 0xff, 0xff, 0xff, 0xff, 0xff, 0xff, 0xff, 0xff, 0xff, 0xff, 0xff, 0xff, 0xff, 0xff, 0xff, 0xff, 0xff, 0xff, 0xff, 0xff, 0xff, 0xff, 0xff, 0xff, 0xff, 0xff, 0xff, 0xff, 0xff, 0xff, 0xff, 0xff, 0xff, 0xff, 0xff, 0xff, 0xff, 0xff, 0xff, 0xff, 0xff, 0xff, 0xff, 0xff, 0xff, 0xff, 0xff, 0xff, 0xff, 0xff, 0xff, 0xff, 0xff, 0xff, 0xff, 0xff, 0xff, 0xff,
  0xff, 0xff, 0xff, 0xff, 0xff, 0xff, 0xff, 0xff, 0xff, 0xff, 0xff, 0xff, 0xff, 0xff, 0xff, 0xff, 0xff, 0xff, 0xff, 0xff, 0xff, 0xff, 0xff, 0xff, 0xff, 0xff, 0xff, 0xff, 0xff, 0xff, 0xff, 0xff, 0xff, 0xff, 0xff, 0xff, 0xff, 0xff, 0xff, 0xff, 0xff, 0xff, 0xff, 0xff, 0xff, 0xff, 0xff, 0xff, 0xff, 0xff, 0xff, 0xff, 0xff, 0xff, 0xff, 0xff, 0xff, 0xff, 0xff, 0xff, 0xff, 0xff, 0xff, 0xff, 0xff, 0xff, 0xff, 0xff, 0xff, 0xff, 0xff, 0xff, 0xff, 0xff, 0xff, 0xff, 0xff, 0xff, 0xff, 0xff, 0xff, 0xff, 0xff, 0xff, 0xff, 0xff, 0xff, 0xff, 0xff, 0xff, 0xff, 0xff, 0xff, 0xff, 0xff, 0xff, 0xff, 0xff, 0xff, 0xff, 0xff, 0xff, 0xff, 0xff, 0xff, 0x00, 0x00, 0x00, 0x00, 0x00, 0x00, 0xff, 0xff, 0x00, 0x00, 0x00, 0x00, 0x00, 0xff, 0xff, 0x00, 0x00, 0x00, 0x00, 0x00, 0x00, 0x00, 0xff, 0x00, 0x00, 0x00, 0x00, 0x00, 0x00, 0x00, 0xff, 0xff, 0x00, 0x00, 0x00, 0x00, 0x00, 0x00, 0x00, 0x00, 0x00, 0x00, 0x00, 0x00, 0x00, 0xff, 0xff, 0x00, 0x00, 0x00, 0x00, 0x00, 0x00, 0x00, 0x00, 0x00, 0x00, 0xff, 0xff, 0xff, 0xff, 0xff, 0xff, 0xff, 0xff, 0xff, 0xff, 0xff, 0xff, 0xff, 0xff, 0xff, 0xff, 0xff, 0xff, 0xff, 0xff, 0xff, 0xff, 0xff, 0xff, 0xff, 0xff, 0xff, 0xff, 0xff, 0xff, 0xff, 0xff, 0xff, 0xff, 0xff, 0xff, 0xff, 0xff, 0xff, 0xff, 0xff, 0xff, 0xff, 0xff, 0xff, 0xff, 0xff, 0xff, 0xff, 0xff, 0xff, 0xff, 0xff, 0xff, 0xff, 0xff, 0xff, 0xff, 0xff, 0xff, 0xff, 0xff, 0xff, 0xff, 0xff, 0xff, 0xff, 0xff, 0xff, 0xff, 0xff, 0xff, 0xff, 0xff, 0xff, 0xff, 0xff, 0xff, 0xff, 0xff, 0xff, 0xff, 0xff, 0xff, 0xff, 0xff, 0xff, 0xff, 0xff, 0xff, 0xff, 0xff, 0xff, 0xff, 0xff, 0xff, 0xff, 0xff, 0xff, 0xff, 0xff, 0xff, 0xff, 0xff, 0xff, 0xff, 0xff, 0xff,
  0xff, 0xff, 0xff, 0xff, 0xff, 0xff, 0xff, 0xff, 0xff, 0xff, 0xff, 0xff, 0xff, 0xff, 0xff, 0xff, 0xff, 0xff, 0xff, 0xff, 0xff, 0xff, 0xff, 0xff, 0xff, 0xff, 0xff, 0xff, 0xff, 0xff, 0xff, 0xff, 0xff, 0xff, 0xff, 0xff, 0xff, 0xff, 0xff, 0xff, 0xff, 0xff, 0xff, 0xff, 0xff, 0xff, 0xff, 0xff, 0xff, 0xff, 0xff, 0xff, 0xff, 0xff, 0xff, 0xff, 0xff, 0xff, 0xff, 0xff, 0xff, 0xff, 0xff, 0xff, 0xff, 0xff, 0xff, 0xff, 0xff, 0xff, 0xff, 0xff, 0xff, 0xff, 0xff, 0xff, 0xff, 0xff, 0xff, 0xff, 0xff, 0xff, 0xff, 0xff, 0xff, 0xff, 0xff, 0xff, 0xff, 0xff, 0xff, 0xff, 0xff, 0xff, 0xff, 0xff, 0xff, 0xff, 0xff, 0xff, 0xff, 0xff, 0xff, 0xff, 0xff, 0x00, 0x00, 0x00, 0x00, 0x00, 0x00, 0xff, 0xff, 0x00, 0x00, 0x00, 0x00, 0x00, 0xff, 0xff, 0x00, 0x00, 0x00, 0x00, 0x00, 0x00, 0x00, 0xff, 0x00, 0x00, 0x00, 0x00, 0x00, 0x00, 0x00, 0xff, 0xff, 0x00, 0x00, 0x00, 0x00, 0x00, 0x00, 0x00, 0x00, 0x00, 0x00, 0x00, 0x00, 0x00, 0xff, 0xff, 0x00, 0x00, 0x00, 0x00, 0x00, 0x00, 0x00, 0x00, 0x00, 0x00, 0x00, 0x00, 0xff, 0xff, 0xff, 0xff, 0xff, 0xff, 0xff, 0xff, 0xff, 0xff, 0xff, 0xff, 0xff, 0xff, 0xff, 0xff, 0xff, 0xff, 0xff, 0xff, 0xff, 0xff, 0xff, 0xff, 0xff, 0xff, 0xff, 0xff, 0xff, 0xb6, 0xff, 0xff, 0xff, 0xff, 0xff, 0xff, 0xff, 0xff, 0xff, 0xff, 0xff, 0xff, 0xff, 0xff, 0xff, 0xff, 0xff, 0xff, 0xff, 0xff, 0xff, 0xff, 0xff, 0xff, 0xff, 0xff, 0xff, 0xff, 0xff, 0xff, 0xff, 0xff, 0xff, 0xff, 0xff, 0xff, 0xff, 0xff, 0xff, 0xff, 0xff, 0xff, 0xff, 0xff, 0xff, 0xff, 0xff, 0xff, 0xff, 0xff, 0xff, 0xff, 0xff, 0xff, 0xff, 0xff, 0xff, 0xff, 0xff, 0xff, 0xff, 0xff, 0xff, 0xff, 0xff, 0xff, 0xff, 0xff, 0xff, 0xff, 0xff, 0xff, 0xff, 0xff, 0xff, 0xff,
  0xff, 0xff, 0xff, 0xff, 0xff, 0xff, 0xff, 0xff, 0xff, 0xff, 0xff, 0xff, 0xff, 0xff, 0xff, 0xff, 0xff, 0xff, 0xff, 0xff, 0xff, 0xff, 0xff, 0xff, 0xff, 0xff, 0xff, 0xff, 0xff, 0xff, 0xff, 0xff, 0xff, 0xff, 0xff, 0xff, 0xff, 0xff, 0xff, 0xff, 0xff, 0xff, 0xff, 0xff, 0xff, 0xff, 0xff, 0xff, 0xff, 0xff, 0xff, 0xff, 0xff, 0xff, 0xff, 0xff, 0xff, 0xff, 0xff, 0xff, 0xff, 0xff, 0xff, 0xff, 0xff, 0xff, 0xff, 0xff, 0xff, 0xff, 0xff, 0xff, 0xff, 0xff, 0xff, 0xff, 0xff, 0xff, 0xff, 0xff, 0xff, 0xff, 0xff, 0xff, 0xff, 0xff, 0xff, 0xff, 0xff, 0xff, 0xff, 0xff, 0xff, 0xff, 0xff, 0xff, 0xff, 0xff, 0xff, 0xff, 0xff, 0xff, 0xff, 0xff, 0xff, 0x00, 0x00, 0x00, 0x00, 0x00, 0x00, 0x00, 0x00, 0x00, 0x00, 0x00, 0x00, 0x00, 0xff, 0xff, 0x00, 0x00, 0x00, 0x00, 0x00, 0x00, 0x00, 0x00, 0x00, 0x00, 0x00, 0x00, 0x00, 0x00, 0x00, 0xff, 0xff, 0x00, 0x00, 0x00, 0x00, 0x00, 0x00, 0x00, 0x00, 0x00, 0x00, 0x00, 0x00, 0x00, 0xff, 0xff, 0x00, 0x00, 0x00, 0x00, 0x00, 0x00, 0x00, 0x00, 0x00, 0x00, 0x00, 0x00, 0x00, 0xff, 0xff, 0xff, 0xff, 0xff, 0xff, 0xff, 0xff, 0xff, 0xff, 0xff, 0xff, 0xff, 0xff, 0xff, 0xff, 0xff, 0xff, 0xff, 0xff, 0xff, 0xff, 0xff, 0xff, 0xff, 0xff, 0xff, 0xff, 0xff, 0xff, 0xff, 0xff, 0xff, 0xff, 0xff, 0xff, 0xff, 0xff, 0xff, 0xff, 0xff, 0xff, 0xff, 0xff, 0xff, 0xff, 0xff, 0xff, 0xff, 0xff, 0xff, 0xff, 0xff, 0xff, 0xff, 0xff, 0xff, 0xff, 0xff, 0xff, 0xff, 0xff, 0xff, 0xff, 0xff, 0xff, 0xff, 0xff, 0xff, 0xff, 0xff, 0xff, 0xff, 0xff, 0xff, 0xff, 0xff, 0xff, 0xff, 0xff, 0xff, 0xff, 0xff, 0xff, 0xff, 0xff, 0xff, 0xff, 0xff, 0xff, 0xff, 0xff, 0xff, 0xff, 0xff, 0xff, 0xff, 0xff, 0xff, 0xff, 0xff, 0xff, 0xff, 0xff, 0xff,
  0xff, 0xff, 0xff, 0xff, 0xff, 0xff, 0xff, 0xff, 0xff, 0xff, 0xff, 0xff, 0xff, 0xff, 0xff, 0xff, 0xff, 0xff, 0xff, 0xff, 0xff, 0xff, 0xff, 0xff, 0xff, 0xff, 0xff, 0xff, 0xff, 0xff, 0xff, 0xff, 0xff, 0xff, 0xff, 0xff, 0xff, 0xff, 0xff, 0xff, 0xff, 0xff, 0xff, 0xff, 0xff, 0xff, 0xff, 0xff, 0xff, 0xff, 0xff, 0xff, 0xff, 0xff, 0xff, 0xff, 0xff, 0xff, 0xff, 0xff, 0xff, 0xff, 0xff, 0xff, 0xff, 0xff, 0xff, 0xff, 0xff, 0xff, 0xff, 0xff, 0xff, 0xff, 0xff, 0xff, 0xff, 0xff, 0xff, 0xff, 0xff, 0xff, 0xff, 0xff, 0xff, 0xff, 0xff, 0xff, 0xff, 0xff, 0xff, 0xff, 0xff, 0xff, 0xff, 0xff, 0xff, 0xff, 0xff, 0xff, 0xff, 0xff, 0xff, 0xff, 0xff, 0x00, 0x00, 0x00, 0x00, 0x00, 0x00, 0x00, 0x00, 0x00, 0x00, 0x00, 0x00, 0x00, 0xff, 0xff, 0x00, 0x00, 0x00, 0x00, 0x00, 0x00, 0x00, 0x00, 0x00, 0x00, 0x00, 0x00, 0x00, 0x00, 0x00, 0xff, 0xff, 0x00, 0x00, 0x00, 0x00, 0x00, 0x00, 0x00, 0x00, 0x00, 0x00, 0x00, 0x00, 0x00, 0xff, 0xff, 0x00, 0x00, 0x00, 0x00, 0x00, 0x00, 0x00, 0x00, 0x00, 0x00, 0x00, 0x00, 0x00, 0xff, 0xff, 0xff, 0xff, 0xff, 0xff, 0xff, 0xff, 0xff, 0xff, 0xff, 0xff, 0xff, 0xff, 0xff, 0xff, 0xff, 0xff, 0xff, 0xff, 0xff, 0xff, 0xff, 0xff, 0xff, 0xff, 0xff, 0xff, 0xff, 0xff, 0xff, 0xff, 0xff, 0xff, 0xff, 0xff, 0xff, 0xff, 0xff, 0xff, 0xff, 0xff, 0xff, 0xff, 0xff, 0xff, 0xff, 0xff, 0xff, 0xff, 0xff, 0xff, 0xff, 0xff, 0xff, 0xff, 0xff, 0xff, 0xff, 0xff, 0xff, 0xff, 0xff, 0xff, 0xff, 0xff, 0xff, 0xff, 0xff, 0xff, 0xff, 0xff, 0xff, 0xff, 0xff, 0xff, 0xff, 0xff, 0xff, 0xff, 0xff, 0xff, 0xff, 0xff, 0xff, 0xff, 0xff, 0xff, 0xff, 0xff, 0xff, 0xff, 0xff, 0xff, 0xff, 0xff, 0xff, 0xff, 0xff, 0xff, 0xff, 0xff, 0xff, 0xff, 0xff,
  0xff, 0xff, 0xff, 0xff, 0xff, 0xff, 0xff, 0xff, 0xff, 0xff, 0xff, 0xff, 0xff, 0xff, 0xff, 0xff, 0xff, 0xff, 0xff, 0xff, 0xff, 0xff, 0xff, 0xff, 0xff, 0xff, 0xff, 0xff, 0xff, 0xff, 0xff, 0xff, 0xff, 0xff, 0xff, 0xff, 0xff, 0xff, 0xff, 0xff, 0xff, 0xff, 0xff, 0xff, 0xff, 0xff, 0xff, 0xff, 0xff, 0xff, 0xff, 0xff, 0xff, 0xff, 0xff, 0xff, 0xff, 0xff, 0xff, 0xff, 0xff, 0xff, 0xff, 0xff, 0xff, 0xff, 0xff, 0xff, 0xff, 0xff, 0xff, 0xff, 0xff, 0xff, 0xff, 0xff, 0xff, 0xff, 0xff, 0xff, 0xff, 0xff, 0xff, 0xff, 0xff, 0xff, 0xff, 0xff, 0xff, 0xff, 0xff, 0xff, 0xff, 0xff, 0xff, 0xff, 0xff, 0xff, 0xff, 0xff, 0xff, 0xff, 0xff, 0xff, 0xff, 0x00, 0x00, 0x00, 0x00, 0x00, 0x00, 0x00, 0x00, 0x00, 0x00, 0x00, 0x00, 0xff, 0xff, 0xff, 0x00, 0x00, 0x00, 0x00, 0x00, 0x00, 0x00, 0x00, 0x00, 0x00, 0x00, 0x00, 0x00, 0x00, 0x00, 0xff, 0xff, 0x00, 0x00, 0x00, 0x00, 0x00, 0xff, 0x00, 0x00, 0x00, 0x00, 0x00, 0x00, 0x00, 0xff, 0xff, 0x00, 0x00, 0x00, 0x00, 0x00, 0xff, 0xff, 0x00, 0x00, 0x00, 0x00, 0x00, 0x00, 0xff, 0xff, 0xff, 0xff, 0xff, 0xff, 0xff, 0xff, 0xff, 0xff, 0xff, 0xff, 0xff, 0xff, 0xff, 0xff, 0xff, 0xff, 0xff, 0xff, 0xff, 0xff, 0xff, 0xff, 0xff, 0xff, 0xff, 0xff, 0xff, 0xff, 0xff, 0xff, 0xff, 0xff, 0xff, 0xff, 0xff, 0xff, 0xff, 0xff, 0xff, 0xff, 0xff, 0xff, 0xff, 0xff, 0xff, 0xff, 0xff, 0xff, 0xff, 0xff, 0xff, 0xff, 0xff, 0xff, 0xff, 0xff, 0xff, 0xff, 0xff, 0xff, 0xff, 0xff, 0xff, 0xff, 0xff, 0xff, 0xff, 0xff, 0xff, 0xff, 0xff, 0xff, 0xff, 0xff, 0xff, 0xff, 0xff, 0xff, 0xff, 0xff, 0xff, 0xff, 0xff, 0xff, 0xff, 0xff, 0xff, 0xff, 0xff, 0xff, 0xff, 0xff, 0xff, 0xff, 0xff, 0xff, 0xff, 0xff, 0xff, 0xff, 0xff, 0xff, 0xff,
  0xff, 0xff, 0xff, 0xff, 0xff, 0xff, 0xff, 0xff, 0xff, 0xff, 0xff, 0xff, 0xff, 0xff, 0xff, 0xff, 0xff, 0xff, 0xff, 0xff, 0xff, 0xff, 0xff, 0xff, 0xff, 0xff, 0xff, 0xff, 0xff, 0xff, 0xff, 0xff, 0xff, 0xff, 0xff, 0xff, 0xff, 0xff, 0xff, 0xff, 0xff, 0xff, 0xff, 0xff, 0xff, 0xff, 0xff, 0xff, 0xff, 0xff, 0xff, 0xff, 0xff, 0xff, 0xff, 0xff, 0xff, 0xff, 0xff, 0xff, 0xff, 0xff, 0xff, 0xff, 0xff, 0xff, 0xff, 0xff, 0xff, 0xff, 0xff, 0xff, 0xff, 0xff, 0xff, 0xff, 0xff, 0xff, 0xff, 0xff, 0xff, 0xff, 0xff, 0xff, 0xff, 0xff, 0xff, 0xff, 0xff, 0xff, 0xff, 0xff, 0xff, 0xff, 0xff, 0xff, 0xff, 0xff, 0xff, 0xff, 0xff, 0xff, 0xff, 0xff, 0xff, 0x00, 0x00, 0x00, 0x00, 0x00, 0x00, 0x00, 0x00, 0x00, 0x00, 0x00, 0x00, 0xff, 0xff, 0xff, 0x00, 0x00, 0x00, 0x00, 0x00, 0x00, 0x00, 0x00, 0x00, 0x00, 0x00, 0x00, 0x00, 0x00, 0x00, 0xff, 0xff, 0x00, 0x00, 0x00, 0x00, 0x00, 0xff, 0x00, 0x00, 0x00, 0x00, 0x00, 0x00, 0x00, 0xff, 0xff, 0x00, 0x00, 0x00, 0x00, 0x00, 0xff, 0xff, 0x00, 0x00, 0x00, 0x00, 0x00, 0x00, 0xff, 0xff, 0xff, 0xff, 0xff, 0xff, 0xff, 0xff, 0xff, 0xff, 0xff, 0xff, 0xff, 0xff, 0xff, 0xff, 0xff, 0xff, 0xff, 0xff, 0xff, 0xff, 0xff, 0xff, 0xff, 0xff, 0xb6, 0xff, 0xff, 0xff, 0xff, 0xff, 0xff, 0xff, 0xff, 0xff, 0xff, 0xff, 0xff, 0xff, 0xff, 0xff, 0xff, 0xff, 0xff, 0xff, 0xff, 0xff, 0xff, 0xff, 0xff, 0xff, 0xff, 0xff, 0xff, 0xff, 0xff, 0xff, 0xff, 0xff, 0xff, 0xff, 0xff, 0xff, 0xff, 0xff, 0xff, 0xff, 0xff, 0xff, 0xff, 0xff, 0xff, 0xff, 0xff, 0xff, 0xff, 0xff, 0xff, 0xff, 0xff, 0xff, 0xff, 0xff, 0xff, 0xff, 0xff, 0xff, 0xff, 0xff, 0xff, 0xff, 0xff, 0xff, 0xff, 0xff, 0xff, 0xff, 0xff, 0xff, 0xff, 0xff, 0xff, 0xff, 0xff,
  0xff, 0xff, 0xff, 0xff, 0xff, 0xff, 0xff, 0xff, 0xff, 0xff, 0xff, 0xff, 0xff, 0xff, 0xff, 0xff, 0xff, 0xff, 0xff, 0xff, 0xff, 0xff, 0xff, 0xff, 0xff, 0xff, 0xff, 0xff, 0xff, 0xff, 0xff, 0xff, 0xff, 0xff, 0xff, 0xff, 0xff, 0xff, 0xff, 0xff, 0xff, 0xff, 0xff, 0xff, 0xff, 0xff, 0xff, 0xff, 0xff, 0xff, 0xff, 0xff, 0xff, 0xff, 0xff, 0xff, 0xff, 0xff, 0xff, 0xff, 0xff, 0xff, 0xff, 0xff, 0xff, 0xff, 0xff, 0xff, 0xff, 0xff, 0xff, 0xff, 0xff, 0xff, 0xff, 0xff, 0xff, 0xff, 0xff, 0xff, 0xff, 0xff, 0xff, 0xff, 0xff, 0xff, 0xff, 0xff, 0xff, 0xff, 0xff, 0xff, 0xff, 0xff, 0xff, 0xff, 0xff, 0xff, 0xff, 0xff, 0xff, 0xff, 0xff, 0xff, 0xff, 0x00, 0x00, 0x00, 0x00, 0x00, 0x00, 0x00, 0x00, 0x00, 0x00, 0xff, 0xff, 0xff, 0xff, 0xff, 0xff, 0xff, 0x00, 0x00, 0x00, 0x00, 0x00, 0x00, 0x00, 0x00, 0x00, 0x00, 0x00, 0xff, 0xff, 0xff, 0xff, 0x00, 0x00, 0x00, 0x00, 0x00, 0xff, 0xff, 0xff, 0x00, 0x00, 0x00, 0x00, 0x00, 0xff, 0xff, 0x00, 0x00, 0x00, 0x00, 0x00, 0xff, 0xff, 0xff, 0x00, 0x00, 0x00, 0x00, 0x00, 0xff, 0xff, 0xff, 0xff, 0xff, 0xff, 0xff, 0xff, 0xff, 0xff, 0xff, 0xff, 0xff, 0xff, 0xff, 0xff, 0xff, 0xff, 0xff, 0xff, 0xff, 0xff, 0xff, 0xff, 0xff, 0xff, 0xff, 0xff, 0xff, 0xff, 0xff, 0xff, 0xff, 0xff, 0xff, 0xff, 0xff, 0xff, 0xff, 0xff, 0xff, 0xff, 0xff, 0xff, 0xff, 0xff, 0xff, 0xff, 0xff, 0xff, 0xff, 0xff, 0xff, 0xff, 0xff, 0xff, 0xff, 0xff, 0xff, 0xff, 0xff, 0xff, 0xff, 0xff, 0xff, 0xff, 0xff, 0xff, 0xff, 0xff, 0xff, 0xff, 0xff, 0xff, 0xff, 0xff, 0xff, 0xff, 0xff, 0xff, 0xff, 0xff, 0xff, 0xff, 0xff, 0xff, 0xff, 0xff, 0xff, 0xff, 0xff, 0xff, 0xff, 0xff, 0xff, 0xff, 0xff, 0xff, 0xff, 0xff, 0xff, 0xff, 0xff, 0xff, 0xff,
  0xff, 0xff, 0xff, 0xff, 0xff, 0xff, 0xff, 0xff, 0xff, 0xff, 0xff, 0xff, 0xff, 0xff, 0xff, 0xff, 0xff, 0xff, 0xff, 0xff, 0xff, 0xff, 0xff, 0xff, 0xff, 0xff, 0xff, 0xff, 0xff, 0xff, 0xff, 0xff, 0xff, 0xff, 0xff, 0xff, 0xff, 0xff, 0xff, 0xff, 0xff, 0xff, 0xff, 0xff, 0xff, 0xff, 0xff, 0xff, 0xff, 0xff, 0xff, 0xff, 0xff, 0xff, 0xff, 0xff, 0xff, 0xff, 0xff, 0xff, 0xff, 0xff, 0xff, 0xff, 0xff, 0xff, 0xff, 0xff, 0xff, 0xff, 0xff, 0xff, 0xff, 0xff, 0xff, 0xff, 0xff, 0xff, 0xff, 0xff, 0xff, 0xff, 0xff, 0xff, 0xff, 0xff, 0xff, 0xff, 0xff, 0xff, 0xff, 0xff, 0xff, 0xff, 0xff, 0xff, 0xff, 0xff, 0xff, 0xff, 0xff, 0xff, 0xff, 0xff, 0xff, 0xff, 0xff, 0xff, 0xff, 0xff, 0xff, 0xff, 0xff, 0xff, 0xff, 0xff, 0xff, 0xff, 0xff, 0xff, 0xff, 0xff, 0xff, 0xff, 0xff, 0xff, 0xff, 0xff, 0xff, 0xff, 0xff, 0xff, 0xff, 0xff, 0xff, 0xff, 0xff, 0xff, 0xff, 0xff, 0xff, 0xff, 0xff, 0xff, 0xff, 0xff, 0xff, 0xff, 0xff, 0xff, 0xff, 0xff, 0xff, 0xff, 0xff, 0xff, 0xff, 0xff, 0xff, 0xff, 0xff, 0xff, 0xff, 0xff, 0xff, 0xff, 0xff, 0xff, 0xff, 0xff, 0xff, 0xff, 0xff, 0xff, 0xff, 0xff, 0xff, 0xff, 0xff, 0xff, 0xff, 0xff, 0xff, 0xff, 0xff, 0xff, 0xff, 0xff, 0xff, 0xff, 0xff, 0xff, 0xff, 0xff, 0xff, 0xff, 0xff, 0xff, 0xff, 0xff, 0xff, 0xff, 0xff, 0xff, 0xff, 0xff, 0xff, 0xff, 0xff, 0xff, 0xff, 0xff, 0xff, 0xff, 0xff, 0xff, 0xff, 0xff, 0xff, 0xff, 0xff, 0xff, 0xff, 0xff, 0xff, 0xff, 0xff, 0xff, 0xff, 0xff, 0xff, 0xff, 0xff, 0xff, 0xff, 0xff, 0xff, 0xff, 0xff, 0xff, 0xff, 0xff, 0xff, 0xff, 0xff, 0xff, 0xff, 0xff, 0xff, 0xff, 0xff, 0xff, 0xff, 0xff, 0xff, 0xff, 0xff, 0xff, 0xff, 0xff, 0xff, 0xff, 0xff, 0xff, 0xff, 0xff, 0xff, 0xff, 0xff, 0xff
};


#endif // MATRICES_H_INCLUDED
